"Accident Semester","Maturity (Months)","Earned Car Years","Ultimate Claim Counts","Ultimate Claim Amount and ALAE (000)","ULAE Adjustment","Ultimate Claim Amount & LAE (000)","Ultimate Loss Cost","ULC Seasonal % Change Accident Half Years","Ultimate Severity","ULT Sev Seasonal % Change Accident Half Years","Ultimate Frequency per 1000","Ult Freq Seasonal % Change Accident Half Years","Annual Loss Cost & LAE","Ult LAE Seasonal % Change Accident Years","Coverage","Ult LC Seasonal % Change Accident Half Years","Ult Sev Seasonal % Change Accident Half Years"
"2004.1","240","2925523","7111","170010","1.1","187011","63.92",NA,"26299",NA,"2.43",NA,NA,NA,"AB Disability",NA,NA
"2004.2","234","3001192","7272","184256","1.1","202682","67.53",NA,"27872",NA,"2.42",NA,"65.75",NA,"AB Disability",NA,NA
"2005.1","228","2960878","6457","169237","1.092","184807","62.42","-2.4%","28621","8.8%","2.18","-10.3%",NA,NA,"AB Disability",NA,NA
"2005.2","222","3078978","7515","210408","1.092","229766","74.62","10.5%","30574","9.7%","2.44","0.7%","68.64","4.4%","AB Disability",NA,NA
"2006.1","216","3038070","6695","194934","1.082","210919","69.43","11.2%","31504","10.1%","2.2","1.1%",NA,NA,"AB Disability",NA,NA
"2006.2","210","3144172","7454","235294","1.082","254588","80.97","8.5%","34155","11.7%","2.37","-2.9%","75.3","9.7%","AB Disability",NA,NA
"2007.1","204","3098547","7081","221854","1.085","240712","77.69","11.9%","33994","7.9%","2.29","3.7%",NA,NA,"AB Disability",NA,NA
"2007.2","198","3207341","7775","250252","1.085","271523","84.66","4.6%","34923","2.2%","2.42","2.3%","81.23","7.9%","AB Disability",NA,NA
"2008.1","192","3178859","7207","224896","1.076","241988","76.12","-2.0%","33577","-1.2%","2.27","-0.8%",NA,NA,"AB Disability",NA,NA
"2008.2","186","3266405","8018","272381","1.076","293082","89.73","6.0%","36553","4.7%","2.45","1.3%","83.02","2.2%","AB Disability",NA,NA
"2009.1","180","3198659","7576","271029","1.075","291356","91.09","19.7%","38458","14.5%","2.37","4.5%",NA,NA,"AB Disability",NA,NA
"2009.2","174","3293419","9067","351125","1.075","377459","114.61","27.7%","41630","13.9%","2.75","12.2%","103.02","24.1%","AB Disability",NA,NA
"2010.1","168","3228356","9104","336137","1.066","358322","110.99","21.9%","39359","2.3%","2.82","19.1%",NA,NA,"AB Disability",NA,NA
"2010.2","162","3335562","8973","288164","1.066","307183","92.09","-19.6%","34234","-17.8%","2.69","-2.3%","101.39","-1.6%","AB Disability",NA,NA
"2011.1","156","3280498","7233","201935","1.083","218696","66.67","-39.9%","30236","-23.2%","2.2","-21.8%",NA,NA,"AB Disability",NA,NA
"2011.2","150","3385346","7726","218992","1.083","237168","70.06","-23.9%","30697","-10.3%","2.28","-15.2%","68.39","-32.5%","AB Disability",NA,NA
"2012.1","144","3341383","6466","193187","1.08","208565","62.42","-6.4%","32256","6.7%","1.94","-12.2%",NA,NA,"AB Disability",NA,NA
"2012.2","138","3431975","7264","236035","1.08","254823","74.25","6.0%","35080","14.3%","2.12","-7.3%","68.41","0.0%","AB Disability",NA,NA
"2013.1","132","3373606","6896","209438","1.08","226109","67.02","7.4%","32788","1.7%","2.04","5.6%",NA,NA,"AB Disability",NA,NA
"2013.2","126","3486725","8501","251161","1.08","271153","77.77","4.7%","31897","-9.1%","2.44","15.2%","72.48","5.9%","AB Disability",NA,NA
"2014.1","120","3420268","7281","218797","1.085","237457","69.43","3.6%","32613","-0.5%","2.13","4.1%",NA,NA,"AB Disability",NA,NA
"2014.2","114","3539686","8105","253568","1.085","275194","77.75","0.0%","33954","6.4%","2.29","-6.1%","73.66","1.6%","AB Disability",NA,NA
"2015.1","108","3484942","7808","233798","1.104","258043","74.05","6.7%","33049","1.3%","2.24","5.2%",NA,NA,"AB Disability",NA,NA
"2015.2","102","3613617","8818","285434","1.104","315034","87.18","12.1%","35726","5.2%","2.44","6.6%","80.73","9.6%","AB Disability",NA,NA
"2016.1","96","3581761","8018","262092","1.099","288144","80.45","8.6%","35937","8.7%","2.24","-0.1%",NA,NA,"AB Disability",NA,NA
"2016.2","90","3711424","8977","288947","1.099","317668","85.59","-1.8%","35387","-0.9%","2.42","-0.9%","83.07","2.9%","AB Disability",NA,NA
"2017.1","84","3670570","7870","233398","1.099","256504","69.88","-13.1%","32593","-9.3%","2.14","-4.2%",NA,NA,"AB Disability",NA,NA
"2017.2","78","3818709","8949","258631","1.099","284235","74.43","-13.0%","31762","-10.2%","2.34","-3.1%","72.2","-13.1%","AB Disability",NA,NA
"2018.1","72","3766431","7473","240235","1.104","265337","70.45","0.8%","35506","8.9%","1.98","-7.5%",NA,NA,"AB Disability",NA,NA
"2018.2","66","3903891","8404","263147","1.104","290643","74.45","0.0%","34584","8.9%","2.15","-8.1%","72.48","0.4%","AB Disability",NA,NA
"2019.1","60","3852018","7327","244399","1.113","271899","70.59","0.2%","37109","4.5%","1.9","-4.1%",NA,NA,"AB Disability",NA,NA
"2019.2","54","3971071","8443","262951","1.113","292538","73.67","-1.1%","34649","0.2%","2.13","-1.2%","72.15","-0.5%","AB Disability",NA,NA
"2020.1","48","3881960","4464","144808","1.135","164321","42.33","-40.0%","36810","-0.8%","1.15","-39.5%",NA,NA,"AB Disability",NA,NA
"2020.2","42","3976839","5594","165891","1.135","188245","47.34","-35.7%","33651","-2.9%","1.41","-33.8%","44.86","-37.8%","AB Disability",NA,NA
"2021.1","36","3913958","4026","126121","1.136","143219","36.59","-13.6%","35573","-3.4%","1.03","-10.5%",NA,NA,"AB Disability",NA,NA
"2021.2","30","4036347","6294","198369","1.136","225261","55.81","17.9%","35790","6.4%","1.56","10.9%","46.35","3.3%","AB Disability",NA,NA
"2022.1","24","3969096","5480","161767","1.117","180723","45.53","24.4%","32979","-7.3%","1.38","34.2%",NA,NA,"AB Disability",NA,NA
"2022.2","18","4092586","6740","216136","1.117","241464","59","5.7%","35825","0.1%","1.65","5.6%","52.37","13.0%","AB Disability",NA,NA
"2023.1","12","4036958","6127","206579","1.117","230787","57.17","25.6%","37667","14.2%","1.52","9.9%",NA,NA,"AB Disability",NA,NA
"2023.2","6","4162244","7030","247076","1.117","276029","66.32","12.4%","39264","9.6%","1.69","2.6%","61.81","18.0%","AB Disability",NA,NA
"2004.1","240","2925523","520","8744","1.1","9618","3.29",NA,"18497",NA,"0.18",NA,NA,NA,"AB Funeral",NA,NA
"2004.2","234","3001192","675","9587","1.1","10546","3.51",NA,"15623",NA,"0.22",NA,"3.4",NA,"AB Funeral",NA,NA
"2005.1","228","2960878","548","8382","1.092","9153","3.09",NA,"16703",NA,"0.19","4.1%",NA,NA,"AB Funeral","-6.0%","-9.7%"
"2005.2","222","3078978","647","10424","1.092","11383","3.7",NA,"17594",NA,"0.21","-6.6%","3.4","-0.1%","AB Funeral","5.2%","12.6%"
"2006.1","216","3038070","557","8373","1.082","9060","2.98",NA,"16265",NA,"0.18","-0.9%",NA,NA,"AB Funeral","-3.5%","-2.6%"
"2006.2","210","3144172","654","10296","1.082","11140","3.54",NA,"17034",NA,"0.21","-1.0%","3.27","-3.9%","AB Funeral","-4.2%","-3.2%"
"2007.1","204","3098547","568","9191","1.085","9972","3.22",NA,"17557",NA,"0.18","0.0%",NA,NA,"AB Funeral","7.9%","7.9%"
"2007.2","198","3207341","596","8699","1.085","9438","2.94",NA,"15836",NA,"0.19","-10.7%","3.08","-5.8%","AB Funeral","-16.9%","-7.0%"
"2008.1","192","3178859","446","7471","1.076","8039","2.53",NA,"18024",NA,"0.14","-23.5%",NA,NA,"AB Funeral","-21.4%","2.7%"
"2008.2","186","3266405","504","7398","1.076","7960","2.44",NA,"15794",NA,"0.15","-17.0%","2.48","-19.4%","AB Funeral","-17.2%","-0.3%"
"2009.1","180","3198659","402","6154","1.075","6616","2.07",NA,"16457",NA,"0.13","-10.4%",NA,NA,"AB Funeral","-18.2%","-8.7%"
"2009.2","174","3293419","452","6952","1.075","7473","2.27",NA,"16534",NA,"0.14","-11.1%","2.17","-12.6%","AB Funeral","-6.9%","4.7%"
"2010.1","168","3228356","392","5727","1.066","6105","1.89",NA,"15574",NA,"0.12","-3.4%",NA,NA,"AB Funeral","-8.6%","-5.4%"
"2010.2","162","3335562","471","7473","1.066","7966","2.39",NA,"16913",NA,"0.14","2.9%","2.14","-1.2%","AB Funeral","5.2%","2.3%"
"2011.1","156","3280498","354","5360","1.083","5805","1.77",NA,"16398",NA,"0.11","-11.1%",NA,NA,"AB Funeral","-6.4%","5.3%"
"2011.2","150","3385346","467","7355","1.083","7965","2.35",NA,"17057",NA,"0.14","-2.3%","2.07","-3.6%","AB Funeral","-1.5%","0.8%"
"2012.1","144","3341383","397","6293","1.08","6794","2.03",NA,"17113",NA,"0.12","10.1%",NA,NA,"AB Funeral","14.9%","4.4%"
"2012.2","138","3431975","488","7264","1.08","7842","2.29",NA,"16070",NA,"0.14","3.1%","2.16","4.6%","AB Funeral","-2.9%","-5.8%"
"2013.1","132","3373606","357","5635","1.08","6084","1.8",NA,"17041",NA,"0.11","-10.9%",NA,NA,"AB Funeral","-11.3%","-0.4%"
"2013.2","126","3486725","475","7243","1.08","7820","2.24",NA,"16462",NA,"0.14","-4.2%","2.03","-6.2%","AB Funeral","-1.9%","2.4%"
"2014.1","120","3420268","344","5326","1.085","5780","1.69",NA,"16803",NA,"0.1","-5.0%",NA,NA,"AB Funeral","-6.3%","-1.4%"
"2014.2","114","3539686","481","7551","1.085","8195","2.32",NA,"17037",NA,"0.14","-0.3%","2.01","-0.9%","AB Funeral","3.2%","3.5%"
"2015.1","108","3484942","353","5515","1.104","6087","1.75",NA,"17243",NA,"0.1","0.7%",NA,NA,"AB Funeral","3.4%","2.6%"
"2015.2","102","3613617","429","6587","1.104","7270","2.01",NA,"16947",NA,"0.12","-12.6%","1.88","-6.3%","AB Funeral","-13.1%","-0.5%"
"2016.1","96","3581761","389","5487","1.099","6032","1.68",NA,"15507",NA,"0.11","7.2%",NA,NA,"AB Funeral","-3.6%","-10.1%"
"2016.2","90","3711424","504","7534","1.099","8283","2.23",NA,"16434",NA,"0.14","14.4%","1.96","4.3%","AB Funeral","10.9%","-3.0%"
"2017.1","84","3670570","408","6121","1.099","6727","1.83",NA,"16488",NA,"0.11","2.3%",NA,NA,"AB Funeral","8.8%","6.3%"
"2017.2","78","3818709","535","8510","1.099","9352","2.45",NA,"17481",NA,"0.14","3.2%","2.15","9.4%","AB Funeral","9.7%","6.4%"
"2018.1","72","3766431","391","6276","1.104","6932","1.84",NA,"17728",NA,"0.1","-6.6%",NA,NA,"AB Funeral","0.4%","7.5%"
"2018.2","66","3903891","452","7211","1.104","7964","2.04",NA,"17621",NA,"0.12","-17.4%","1.94","-9.5%","AB Funeral","-16.7%","0.8%"
"2019.1","60","3852018","333","4838","1.113","5382","1.4",NA,"16163",NA,"0.09","-16.7%",NA,NA,"AB Funeral","-24.1%","-8.8%"
"2019.2","54","3971071","462","7521","1.113","8367","2.11",NA,"18111",NA,"0.12","0.5%","1.76","-9.5%","AB Funeral","3.3%","2.8%"
"2020.1","48","3881960","290","4606","1.135","5227","1.35",NA,"18023",NA,"0.07","-13.6%",NA,NA,"AB Funeral","-3.6%","11.5%"
"2020.2","42","3976839","398","5789","1.135","6569","1.65",NA,"16505",NA,"0.1","-14.0%","1.5","-14.6%","AB Funeral","-21.6%","-8.9%"
"2021.1","36","3913958","266","4167","1.136","4732","1.21",NA,"17789",NA,"0.07","-9.0%",NA,NA,"AB Funeral","-10.2%","-1.3%"
"2021.2","30","4036347","414","6020","1.136","6836","1.69",NA,"16512",NA,"0.1","2.5%","1.46","-3.1%","AB Funeral","2.5%","0.0%"
"2022.1","24","3969096","285","4540","1.117","5072","1.28",NA,"17797",NA,"0.07","5.7%",NA,NA,"AB Funeral","5.7%","0.0%"
"2022.2","18","4092586","407","5928","1.117","6623","1.62",NA,"16272",NA,"0.1","-3.0%","1.45","-0.3%","AB Funeral","-4.5%","-1.5%"
"2023.1","12","4036958","355","5380","1.117","6010","1.49",NA,"16931",NA,"0.09","22.5%",NA,NA,"AB Funeral","16.5%","-4.9%"
"2023.2","6","4162244","453","7059","1.117","7886","1.89",NA,"17409",NA,"0.11","9.4%","1.69","16.8%","AB Funeral","17.1%","7.0%"
"2004.1","240","2925523","22734","468205","1.1","515026","176.05",NA,"22654",NA,"7.77",NA,NA,NA,"AB Medical Rehab",NA,NA
"2004.2","234","3001192","23603","580547","1.1","638602","212.78",NA,"27056",NA,"7.86",NA,"194.65",NA,"AB Medical Rehab",NA,NA
"2005.1","228","2960878","21111","504299","1.092","550695","185.99",NA,"26086",NA,"7.13","-8.2%",NA,NA,"AB Medical Rehab","5.6%","15.1%"
"2005.2","222","3078978","24423","680560","1.092","743172","241.37",NA,"30429",NA,"7.93","0.9%","214.22","10.1%","AB Medical Rehab","13.4%","12.5%"
"2006.1","216","3038070","22403","621760","1.082","672744","221.44",NA,"30029",NA,"7.37","3.4%",NA,NA,"AB Medical Rehab","19.1%","15.1%"
"2006.2","210","3144172","24657","812848","1.082","879502","279.72",NA,"35669",NA,"7.84","-1.1%","251.08","17.2%","AB Medical Rehab","15.9%","17.2%"
"2007.1","204","3098547","23627","784186","1.085","850842","274.59",NA,"36011",NA,"7.63","3.4%",NA,NA,"AB Medical Rehab","24.0%","19.9%"
"2007.2","198","3207341","25302","932894","1.085","1012190","315.59",NA,"40004",NA,"7.89","0.6%","295.44","17.7%","AB Medical Rehab","12.8%","12.2%"
"2008.1","192","3178859","23634","879099","1.076","945911","297.56",NA,"40023",NA,"7.43","-2.5%",NA,NA,"AB Medical Rehab","8.4%","11.1%"
"2008.2","186","3266405","25949","1083768","1.076","1166134","357.01",NA,"44939",NA,"7.94","0.7%","327.69","10.9%","AB Medical Rehab","13.1%","12.3%"
"2009.1","180","3198659","25671","1155226","1.075","1241868","388.25",NA,"48376",NA,"8.03","7.9%",NA,NA,"AB Medical Rehab","30.5%","20.9%"
"2009.2","174","3293419","30034","1605293","1.075","1725690","523.98",NA,"57458",NA,"9.12","14.8%","457.1","39.5%","AB Medical Rehab","46.8%","27.9%"
"2010.1","168","3228356","30035","1589132","1.066","1694015","524.73",NA,"56401",NA,"9.3","15.9%",NA,NA,"AB Medical Rehab","35.2%","16.6%"
"2010.2","162","3335562","29707","1125962","1.066","1200275","359.84",NA,"40404",NA,"8.91","-2.3%","440.94","-3.5%","AB Medical Rehab","-31.3%","-29.7%"
"2011.1","156","3280498","24827","711075","1.083","770094","234.75",NA,"31018",NA,"7.57","-18.7%",NA,NA,"AB Medical Rehab","-55.3%","-45.0%"
"2011.2","150","3385346","25922","756221","1.083","818987","241.92",NA,"31594",NA,"7.66","-14.0%","238.39","-45.9%","AB Medical Rehab","-32.8%","-21.8%"
"2012.1","144","3341383","22694","675150","1.08","728892","218.14",NA,"32118",NA,"6.79","-10.3%",NA,NA,"AB Medical Rehab","-7.1%","3.5%"
"2012.2","138","3431975","25075","809438","1.08","873869","254.63",NA,"34850",NA,"7.31","-4.6%","236.63","-0.7%","AB Medical Rehab","5.3%","10.3%"
"2013.1","132","3373606","24312","748545","1.08","808129","239.54",NA,"33240",NA,"7.21","6.1%",NA,NA,"AB Medical Rehab","9.8%","3.5%"
"2013.2","126","3486725","29055","907677","1.08","979928","281.05",NA,"33727",NA,"8.33","14.1%","260.64","10.1%","AB Medical Rehab","10.4%","-3.2%"
"2014.1","120","3420268","25368","787760","1.085","854945","249.96",NA,"33702",NA,"7.42","2.9%",NA,NA,"AB Medical Rehab","4.3%","1.4%"
"2014.2","114","3539686","26899","932651","1.085","1012193","285.96",NA,"37629",NA,"7.6","-8.8%","268.27","2.9%","AB Medical Rehab","1.7%","11.6%"
"2015.1","108","3484942","27248","876512","1.104","967406","277.6",NA,"35504",NA,"7.82","5.4%",NA,NA,"AB Medical Rehab","11.1%","5.3%"
"2015.2","102","3613617","29523","1069123","1.104","1179991","326.54",NA,"39969",NA,"8.17","7.5%","302.51","12.8%","AB Medical Rehab","14.2%","6.2%"
"2016.1","96","3581761","27800","972949","1.099","1069660","298.64",NA,"38477",NA,"7.76","-0.7%",NA,NA,"AB Medical Rehab","7.6%","8.4%"
"2016.2","90","3711424","31986","982325","1.099","1079968","290.98",NA,"33764",NA,"8.62","5.5%","294.74","-2.6%","AB Medical Rehab","-10.9%","-15.5%"
"2017.1","84","3670570","28329","788791","1.099","866881","236.17",NA,"30600",NA,"7.72","-0.6%",NA,NA,"AB Medical Rehab","-20.9%","-20.5%"
"2017.2","78","3818709","32702","937803","1.099","1030645","269.89",NA,"31516",NA,"8.56","-0.6%","253.37","-14.0%","AB Medical Rehab","-7.2%","-6.7%"
"2018.1","72","3766431","29036","783482","1.104","865349","229.75",NA,"29803",NA,"7.71","-0.1%",NA,NA,"AB Medical Rehab","-2.7%","-2.6%"
"2018.2","66","3903891","32748","931778","1.104","1029140","263.62",NA,"31426",NA,"8.39","-2.0%","246.99","-2.5%","AB Medical Rehab","-2.3%","-0.3%"
"2019.1","60","3852018","29321","832101","1.113","925729","240.32",NA,"31572",NA,"7.61","-1.3%",NA,NA,"AB Medical Rehab","4.6%","5.9%"
"2019.2","54","3971071","33705","939610","1.113","1045335","263.24",NA,"31014",NA,"8.49","1.2%","251.95","2.0%","AB Medical Rehab","-0.1%","-1.3%"
"2020.1","48","3881960","16917","561680","1.135","637368","164.19",NA,"37676",NA,"4.36","-42.7%",NA,NA,"AB Medical Rehab","-31.7%","19.3%"
"2020.2","42","3976839","21237","711084","1.135","806905","202.9",NA,"37995",NA,"5.34","-37.1%","183.78","-27.1%","AB Medical Rehab","-22.9%","22.5%"
"2021.1","36","3913958","16135","507791","1.136","576630","147.33",NA,"35738",NA,"4.12","-5.4%",NA,NA,"AB Medical Rehab","-10.3%","-5.1%"
"2021.2","30","4036347","25425","819084","1.136","930124","230.44",NA,"36583",NA,"6.3","18.0%","189.52","3.1%","AB Medical Rehab","13.6%","-3.7%"
"2022.1","24","3969096","23010","667395","1.117","745603","187.85",NA,"32403",NA,"5.8","40.6%",NA,NA,"AB Medical Rehab","27.5%","-9.3%"
"2022.2","18","4092586","27416","906452","1.117","1012673","247.44",NA,"36937",NA,"6.7","6.3%","218.1","15.1%","AB Medical Rehab","7.4%","1.0%"
"2023.1","12","4036958","25930","854185","1.117","954282","236.39",NA,"36802",NA,"6.42","10.8%",NA,NA,"AB Medical Rehab","25.8%","13.6%"
"2023.2","6","4162244","29629","1018098","1.117","1137402","273.27",NA,"38388",NA,"7.12","6.3%","255.11","17.0%","AB Medical Rehab","10.4%","3.9%"
"2004.1","240","2925523","1","179","1.1","197","0.07",NA,"196900",NA,"0",NA,NA,NA,"AB Quebec Excess",NA,NA
"2004.2","234","3001192","2","80","1.1","88","0.03",NA,"44000",NA,"0",NA,"0.05",NA,"AB Quebec Excess",NA,NA
"2005.1","228","2960878","2","2","1.092","2","0",NA,"1092",NA,"0","97.6%",NA,NA,"AB Quebec Excess","-98.9%","-99.4%"
"2005.2","222","3078978","4","152","1.092","166","0.05",NA,"41496",NA,"0","94.9%","0.03","-42.1%","AB Quebec Excess","83.9%","-5.7%"
"2006.1","216","3038070","1","0","1.082","0","0",NA,"0",NA,"0","-51.3%",NA,NA,"AB Quebec Excess","-100.0%","-100.0%"
"2006.2","210","3144172","7","36","1.082","39","0.01",NA,"5565",NA,"0","71.4%","0.01","-77.4%","AB Quebec Excess","-77.0%","-86.6%"
"2007.1","204","3098547","1","45","1.085","49","0.02",NA,"48825",NA,"0","-2.0%",NA,NA,"AB Quebec Excess","#DIV/0!","#DIV/0!"
"2007.2","198","3207341","6","154","1.085","167","0.05",NA,"27848",NA,"0","-16.0%","0.03","443.4%","AB Quebec Excess","320.5%","400.5%"
"2008.1","192","3178859","1","224","1.076","241","0.08",NA,"241024",NA,"0","-2.5%",NA,NA,"AB Quebec Excess","381.2%","393.6%"
"2008.2","186","3266405","4","755","1.076","812","0.25",NA,"203095",NA,"0","-34.5%","0.16","377.3%","AB Quebec Excess","377.4%","629.3%"
"2009.1","180","3198659","2","215","1.075","231","0.07",NA,"115563",NA,"0","98.8%",NA,NA,"AB Quebec Excess","-4.7%","-52.1%"
"2009.2","174","3293419","3","249","1.075","268","0.08",NA,"89225",NA,"0","-25.6%","0.08","-53.0%","AB Quebec Excess","-67.3%","-56.1%"
"2010.1","168","3228356","1","38","1.066","41","0.01",NA,"40508",NA,"0","-50.5%",NA,NA,"AB Quebec Excess","-82.6%","-64.9%"
"2010.2","162","3335562","3","7","1.066","7","0",NA,"2487",NA,"0","-1.3%","0.01","-90.5%","AB Quebec Excess","-97.2%","-97.2%"
"2011.1","156","3280498","2","64","1.083","69","0.02",NA,"34656",NA,"0","96.8%",NA,NA,"AB Quebec Excess","68.4%","-14.4%"
"2011.2","150","3385346","7","31","1.083","34","0.01",NA,"4796",NA,"0","129.9%","0.02","111.2%","AB Quebec Excess","343.3%","92.8%"
"2012.1","144","3341383","1","12","1.08","13","0",NA,"12955",NA,"0","-50.9%",NA,NA,"AB Quebec Excess","-81.6%","-62.6%"
"2012.2","138","3431975","4","24","1.08","26","0.01",NA,"6478",NA,"0","-43.6%","0.01","-62.8%","AB Quebec Excess","-23.9%","35.1%"
"2013.1","132","3373606","1","0","1.08","0","0",NA,"0",NA,"0","-1.0%",NA,NA,"AB Quebec Excess","-100.0%","-100.0%"
"2013.2","126","3486725","2","23","1.08","25","0.01",NA,"12415",NA,"0","-50.8%","0","-36.9%","AB Quebec Excess","-5.7%","91.7%"
"2014.1","120","3420268","2","1","1.085","1","0",NA,"543",NA,"0","97.3%",NA,NA,"AB Quebec Excess","#DIV/0!","#DIV/0!"
"2014.2","114","3539686","5","840","1.085","912","0.26",NA,"182328",NA,"0","146.3%","0.13","3523.2%","AB Quebec Excess","3516.5%","1368.6%"
"2015.1","108","3484942","4","65","1.104","72","0.02",NA,"17935",NA,"0","96.3%",NA,NA,"AB Quebec Excess","6387.6%","3205.1%"
"2015.2","102","3613617","4","41","1.104","45","0.01",NA,"11313",NA,"0","-21.6%","0.02","-87.4%","AB Quebec Excess","-95.1%","-93.8%"
"2016.1","96","3581761","0","2","1.099","2","0",NA,NA,NA,"0","-100.0%",NA,NA,"AB Quebec Excess","-97.0%","#DIV/0!"
"2016.2","90","3711424","2","22","1.099","24","0.01",NA,"12093",NA,"0","-51.3%","0","-78.0%","AB Quebec Excess","-48.0%","6.9%"
"2017.1","84","3670570","3","22","1.099","24","0.01",NA,"8059",NA,"0","#DIV/0!",NA,NA,"AB Quebec Excess","973.0%","#DIV/0!"
"2017.2","78","3818709","2","37","1.099","41","0.01",NA,"20332",NA,"0","-2.8%","0.01","139.3%","AB Quebec Excess","63.4%","68.1%"
"2018.1","72","3766431","4","30","1.104","33","0.01",NA,"8284",NA,"0","29.9%",NA,NA,"AB Quebec Excess","33.6%","2.8%"
"2018.2","66","3903891","4","50","1.104","55","0.01",NA,"13806",NA,"0","95.6%","0.01","33.1%","AB Quebec Excess","32.8%","-32.1%"
"2019.1","60","3852018","6","86","1.113","96","0.02",NA,"15946",NA,"0","46.7%",NA,NA,"AB Quebec Excess","182.3%","92.5%"
"2019.2","54","3971071","3","14","1.113","16","0",NA,"5192",NA,"0","-26.3%","0.01","23.5%","AB Quebec Excess","-72.3%","-62.4%"
"2020.1","48","3881960","4","37","1.135","42","0.01",NA,"10496",NA,"0","-33.8%",NA,NA,"AB Quebec Excess","-56.5%","-34.2%"
"2020.2","42","3976839","2","72","1.135","82","0.02",NA,"40851",NA,"0","-33.4%","0.02","10.7%","AB Quebec Excess","423.8%","686.8%"
"2021.1","36","3913958","1","7","1.136","8","0",NA,"7949",NA,"0","-75.2%",NA,NA,"AB Quebec Excess","-81.2%","-24.3%"
"2021.2","30","4036347","2","3","1.136","3","0",NA,"1703",NA,"0","-1.5%","0","-90.9%","AB Quebec Excess","-95.9%","-95.8%"
"2022.1","24","3969096","2","67","1.117","75","0.02",NA,"37426",NA,"0","97.2%",NA,NA,"AB Quebec Excess","828.6%","370.8%"
"2022.2","18","4092586","5","328","1.117","366","0.09",NA,"73287",NA,"0","146.6%","0.05","3732.4%","AB Quebec Excess","10508.5%","4202.5%"
"2023.1","12","4036958","9","100","1.117","112","0.03",NA,"12413",NA,"0","342.4%",NA,NA,"AB Quebec Excess","46.7%","-66.8%"
"2023.2","6","4162244","23","385","1.117","430","0.1",NA,"18701",NA,"0.01","352.3%","0.07","20.7%","AB Quebec Excess","15.4%","-74.5%"
"2004.1","240","498709","28884","112890","1.1","124179","249",NA,"4299",NA,"57.92",NA,NA,NA,"All Perils",NA,NA
"2004.2","234","499457","27023","111113","1.1","122224","244.71",NA,"4523",NA,"54.1",NA,"246.86",NA,"All Perils",NA,NA
"2005.1","228","471130","26965","107165","1.092","117024","248.39",NA,"4340",NA,"57.23","-1.2%",NA,NA,"All Perils","-0.2%","0.9%"
"2005.2","222","478892","28197","122071","1.092","133302","278.35",NA,"4728",NA,"58.88","8.8%","263.49","0.0673661184477032","All Perils","13.7%","4.5%"
"2006.1","216","476216","25567","103059","1.082","111510","234.16",NA,"4361",NA,"53.69","-6.2%",NA,NA,"All Perils","-5.7%","0.5%"
"2006.2","210","493187","28139","117578","1.082","127219","257.95",NA,"4521",NA,"57.06","-3.1%","246.26","-0.0653914759573418","All Perils","-7.3%","-4.4%"
"2007.1","204","487796","29070","119544","1.085","129705","265.9",NA,"4462",NA,"59.59","11.0%",NA,NA,"All Perils","13.6%","2.3%"
"2007.2","198","506755","26935","123463","1.085","133957","264.34",NA,"4973",NA,"53.15","-6.8%","265.11","0.0765451149191911","All Perils","2.5%","10.0%"
"2008.1","192","505206","26368","125851","1.076","135416","268.04",NA,"5136",NA,"52.19","-12.4%",NA,NA,"All Perils","0.8%","15.1%"
"2008.2","186","516669","24969","125470","1.076","135006","261.3",NA,"5407",NA,"48.33","-9.1%","264.63","-0.00181056919769162","All Perils","-1.2%","8.7%"
"2009.1","180","505880","27538","124309","1.075","133632","264.16",NA,"4853",NA,"54.44","4.3%",NA,NA,"All Perils","-1.4%","-5.5%"
"2009.2","174","517718","23703","116632","1.075","125379","242.18",NA,"5290",NA,"45.78","-5.3%","253.04","-0.0437969995843253","All Perils","-7.3%","-2.2%"
"2010.1","168","506047","20779","103089","1.066","109893","217.16",NA,"5289",NA,"41.06","-24.6%",NA,NA,"All Perils","-17.8%","9.0%"
"2010.2","162","514596","21982","112398","1.066","119816","232.84",NA,"5451",NA,"42.72","-6.7%","225.06","-0.110575403098324","All Perils","-3.9%","3.0%"
"2011.1","156","504219","24363","111657","1.083","120925","239.83",NA,"4963",NA,"48.32","17.7%",NA,NA,"All Perils","10.4%","-6.1%"
"2011.2","150","521112","23946","114447","1.083","123946","237.85",NA,"5176",NA,"45.95","7.6%","238.82","0.0611392517550875","All Perils","2.2%","-5.0%"
"2012.1","144","521039","23075","100273","1.08","108255","207.77",NA,"4691",NA,"44.29","-8.3%",NA,NA,"All Perils","-13.4%","-5.5%"
"2012.2","138","540539","25280","124590","1.08","134507","248.84",NA,"5321",NA,"46.77","1.8%","228.68","-0.0424587555481115","All Perils","4.6%","2.8%"
"2013.1","132","541800","24391","112995","1.08","121989","225.16",NA,"5001",NA,"45.02","1.7%",NA,NA,"All Perils","8.4%","6.6%"
"2013.2","126","568489","28457","150485","1.08","162464","285.78",NA,"5709",NA,"50.06","7.0%","256.2","0.120342837152352","All Perils","14.8%","7.3%"
"2014.1","120","563946","27850","138826","1.085","150666","267.16",NA,"5410",NA,"49.38","9.7%",NA,NA,"All Perils","18.7%","8.2%"
"2014.2","114","588790","26940","149626","1.085","162387","275.8",NA,"6028",NA,"45.75","-8.6%","271.57","0.0599921935987511","All Perils","-3.5%","5.6%"
"2015.1","108","586899","28732","148111","1.104","163470","278.53",NA,"5689",NA,"48.96","-0.9%",NA,NA,"All Perils","4.3%","5.2%"
"2015.2","102","614084","29038","159479","1.104","176017","286.63",NA,"6062",NA,"47.29","3.3%","282.67","0.0408734396288251","All Perils","3.9%","0.6%"
"2016.1","96","619464","30354","164840","1.099","181225","292.55",NA,"5970",NA,"49","0.1%",NA,NA,"All Perils","5.0%","4.9%"
"2016.2","90","667200","34764","210559","1.099","231489","346.96",NA,"6659",NA,"52.1","10.2%","320.76","0.134750769448473","All Perils","21.0%","9.9%"
"2017.1","84","691829","35569","201278","1.099","221205","319.74",NA,"6219",NA,"51.41","4.9%",NA,NA,"All Perils","9.3%","4.2%"
"2017.2","78","753496","41107","260133","1.099","285886","379.41",NA,"6955",NA,"54.56","4.7%","350.85","0.0938084549195661","All Perils","9.4%","4.4%"
"2018.1","72","770456","44648","274627","1.104","303323","393.69",NA,"6794",NA,"57.95","12.7%",NA,NA,"All Perils","23.1%","9.2%"
"2018.2","66","819688","45062","305134","1.104","337018","411.15",NA,"7479",NA,"54.97","0.8%","402.69","0.147755451047456","All Perils","8.4%","7.5%"
"2019.1","60","821300","45533","292855","1.113","325807","396.7",NA,"7155",NA,"55.44","-4.3%",NA,NA,"All Perils","0.8%","5.3%"
"2019.2","54","853354","48058","325941","1.113","362616","424.93",NA,"7545",NA,"56.32","2.4%","411.08","0.0208348853957139","All Perils","3.4%","0.9%"
"2020.1","48","831954","32808","214860","1.135","243813","293.06",NA,"7432",NA,"39.43","-28.9%",NA,NA,"All Perils","-26.1%","3.9%"
"2020.2","42","855940","37267","242109","1.135","274734","320.97",NA,"7372",NA,"43.54","-22.7%","307.22","-0.252651552009341","All Perils","-24.5%","-2.3%"
"2021.1","36","853249","31098","202671","1.136","230146","269.73",NA,"7401",NA,"36.45","-7.6%",NA,NA,"All Perils","-8.0%","-0.4%"
"2021.2","30","893326","44521","341950","1.136","388307","434.68",NA,"8722",NA,"49.84","14.5%","354.09","0.152561682182149","All Perils","35.4%","18.3%"
"2022.1","24","886773","47737","393331","1.117","439423","495.53",NA,"9205",NA,"53.83","47.7%",NA,NA,"All Perils","83.7%","24.4%"
"2022.2","18","919471","50387","490464","1.117","547938","595.93",NA,"10875",NA,"54.8","10.0%","546.64","0.543788302408992","All Perils","37.1%","24.7%"
"2023.1","12","907857","53980","509587","1.117","569302","627.08",NA,"10547",NA,"59.46","10.5%",NA,NA,"All Perils","26.5%","14.6%"
"2023.2","6","937602","58156","591293","1.117","660583","704.54",NA,"11359",NA,"62.03","13.2%","666.44","0.219157032050344","All Perils","18.2%","4.5%"
"2004.1","240","2931824","4017","550540","1.1","605594","206.56",NA,"150758",NA,"1.37",NA,NA,NA,"BI Coverage",NA,NA
"2004.2","234","3007799","4538","648178","1.1","712996","237.05",NA,"157117",NA,"1.51",NA,"222",NA,"BI Coverage",NA,NA
"2005.1","228","2969536","3849","565149","1.092","617143","207.82",NA,"160338",NA,"1.3","-5.4%",NA,NA,"BI Coverage","0.6%","6.4%"
"2005.2","222","3087171","4623","689171","1.092","752575","243.77",NA,"162789",NA,"1.5","-0.7%","226.15","1.9%","BI Coverage","2.8%","3.6%"
"2006.1","216","3043446","4360","617607","1.082","668251","219.57",NA,"153269",NA,"1.43","10.5%",NA,NA,"BI Coverage","5.7%","-4.4%"
"2006.2","210","3148734","5139","785479","1.082","849888","269.91",NA,"165380",NA,"1.63","9.0%","245.17","8.4%","BI Coverage","10.7%","1.6%"
"2007.1","204","3101579","5016","701323","1.085","760935","245.34",NA,"151702",NA,"1.62","12.9%",NA,NA,"BI Coverage","11.7%","-1.0%"
"2007.2","198","3210610","5750","812671","1.085","881748","274.64",NA,"153347",NA,"1.79","9.7%","260.24","6.1%","BI Coverage","1.7%","-7.3%"
"2008.1","192","3181771","4946","676854","1.076","728295","228.9",NA,"147249",NA,"1.55","-3.9%",NA,NA,"BI Coverage","-6.7%","-2.9%"
"2008.2","186","3268341","6090","821858","1.076","884319","270.57",NA,"145208",NA,"1.86","4.0%","250.01","-3.9%","BI Coverage","-1.5%","-5.3%"
"2009.1","180","3200181","6049","768128","1.075","825738","258.03",NA,"136508",NA,"1.89","21.6%",NA,NA,"BI Coverage","12.7%","-7.3%"
"2009.2","174","3294856","7786","976282","1.075","1049503","318.53",NA,"134794",NA,"2.36","26.8%","288.72","15.5%","BI Coverage","17.7%","-7.2%"
"2010.1","168","3229722","7632","867385","1.066","924632","286.29",NA,"121152",NA,"2.36","25.0%",NA,NA,"BI Coverage","11.0%","-11.2%"
"2010.2","162","3334891","8069","938869","1.066","1000834","300.11",NA,"124034",NA,"2.42","2.4%","293.31","1.6%","BI Coverage","-5.8%","-8.0%"
"2011.1","156","3274001","6230","730693","1.083","791341","241.7",NA,"127021",NA,"1.9","-19.5%",NA,NA,"BI Coverage","-15.6%","4.8%"
"2011.2","150","3377108","6912","861279","1.083","932765","276.2",NA,"134949",NA,"2.05","-15.4%","259.22","-11.6%","BI Coverage","-8.0%","8.8%"
"2012.1","144","3336207","5888","742775","1.08","801900","240.36",NA,"136192",NA,"1.76","-7.3%",NA,NA,"BI Coverage","-0.6%","7.2%"
"2012.2","138","3429874","6788","878988","1.08","948955","276.67",NA,"139799",NA,"1.98","-3.3%","258.77","-0.2%","BI Coverage","0.2%","3.6%"
"2013.1","132","3371244","6274","748660","1.08","808253","239.75",NA,"128826",NA,"1.86","5.4%",NA,NA,"BI Coverage","-0.3%","-5.4%"
"2013.2","126","3484402","7860","924262","1.08","997833","286.37",NA,"126951",NA,"2.26","14.0%","263.45","1.8%","BI Coverage","3.5%","-9.2%"
"2014.1","120","3417317","6626","771203","1.085","836976","244.92",NA,"126317",NA,"1.94","4.2%",NA,NA,"BI Coverage","2.2%","-1.9%"
"2014.2","114","3536471","7518","894181","1.085","970442","274.41",NA,"129083",NA,"2.13","-5.8%","259.92","-1.3%","BI Coverage","-4.2%","1.7%"
"2015.1","108","3481627","6862","820752","1.104","905864","260.18",NA,"132012",NA,"1.97","1.6%",NA,NA,"BI Coverage","6.2%","4.5%"
"2015.2","102","3610270","7848","1020652","1.104","1126494","312.02",NA,"143539",NA,"2.17","2.3%","286.57","10.3%","BI Coverage","13.7%","11.2%"
"2016.1","96","3577822","6716","826319","1.099","908455","253.91",NA,"135267",NA,"1.88","-4.8%",NA,NA,"BI Coverage","-2.4%","2.5%"
"2016.2","90","3705880","7817","1058251","1.099","1163441","313.94",NA,"148835",NA,"2.11","-3.0%","284.46","-0.7%","BI Coverage","0.6%","3.7%"
"2017.1","84","3662667","6223","796169","1.099","874990","238.89",NA,"140606",NA,"1.7","-9.5%",NA,NA,"BI Coverage","-5.9%","3.9%"
"2017.2","78","3814760","7266","1039345","1.099","1142240","299.43",NA,"157203",NA,"1.9","-9.7%","269.78","-5.2%","BI Coverage","-4.6%","5.6%"
"2018.1","72","3760705","5939","819657","1.104","905303","240.73",NA,"152434",NA,"1.58","-7.1%",NA,NA,"BI Coverage","0.8%","8.4%"
"2018.2","66","3901888","6867","988999","1.104","1092340","279.95",NA,"159071",NA,"1.76","-7.6%","260.7","-3.4%","BI Coverage","-6.5%","1.2%"
"2019.1","60","3856101","5774","803110","1.113","893476","231.7",NA,"154741",NA,"1.5","-5.2%",NA,NA,"BI Coverage","-3.7%","1.5%"
"2019.2","54","3975731","6982","1011878","1.113","1125735","283.15",NA,"161234",NA,"1.76","-0.2%","257.82","-1.1%","BI Coverage","1.1%","1.4%"
"2020.1","48","3886280","3638","581498","1.135","659857","169.79",NA,"181379",NA,"0.94","-37.5%",NA,NA,"BI Coverage","-26.7%","17.2%"
"2020.2","42","3979979","4584","694688","1.135","788300","198.07",NA,"171968",NA,"1.15","-34.4%","184.1","-28.6%","BI Coverage","-30.0%","6.7%"
"2021.1","36","3918760","3250","497122","1.136","564515","144.05",NA,"173697",NA,"0.83","-11.4%",NA,NA,"BI Coverage","-15.2%","-4.2%"
"2021.2","30","4040384","5182","776536","1.136","881808","218.25",NA,"170167",NA,"1.28","11.4%","181.72","-1.3%","BI Coverage","10.2%","-1.0%"
"2022.1","24","3973441","4493","597140","1.117","667115","167.89",NA,"148479",NA,"1.13","36.3%",NA,NA,"BI Coverage","16.5%","-14.5%"
"2022.2","18","4095398","5774","930470","1.117","1039506","253.82",NA,"180032",NA,"1.41","9.9%","211.51","16.4%","BI Coverage","16.3%","5.8%"
"2023.1","12","4039628","4986","816903","1.117","912631","225.92",NA,"183039",NA,"1.23","9.2%",NA,NA,"BI Coverage","34.6%","23.3%"
"2023.2","6","4162577","5589","1040451","1.117","1162375","279.24",NA,"207975",NA,"1.34","-4.8%","252.98","19.6%","BI Coverage","10.0%","15.5%"
"2004.1","240","1924769","66328","286030","1.1","314633","163.47",NA,"4744",NA,"34.46",NA,NA,NA,"Collision",NA,NA
"2004.2","234","1975186","63633","284738","1.1","313212","158.57",NA,"4922",NA,"32.22",NA,"160.99",NA,"Collision",NA,NA
"2005.1","228","1972280","65071","283783","1.092","309891","157.12",NA,"4762",NA,"32.99","-4.3%",NA,NA,"Collision","-3.9%","0.4%"
"2005.2","222","2056467","64077","308756","1.092","337162","163.95",NA,"5262",NA,"31.16","-3.3%","160.61","-0.2%","Collision","3.4%","6.9%"
"2006.1","216","2030101","61121","277935","1.082","300726","148.13",NA,"4920",NA,"30.11","-8.7%",NA,NA,"Collision","-5.7%","3.3%"
"2006.2","210","2101498","67052","310329","1.082","335776","159.78",NA,"5008",NA,"31.91","2.4%","154.06","-4.1%","Collision","-2.5%","-4.8%"
"2007.1","204","2077455","73381","334621","1.085","363064","174.76",NA,"4948",NA,"35.32","17.3%",NA,NA,"Collision","18.0%","0.6%"
"2007.2","198","2151716","68702","333822","1.085","362197","168.33",NA,"5272",NA,"31.93","0.1%","171.49","11.3%","Collision","5.4%","5.3%"
"2008.1","192","2144444","68425","327225","1.076","352094","164.19",NA,"5146",NA,"31.91","-9.7%",NA,NA,"Collision","-6.1%","4.0%"
"2008.2","186","2209010","66801","341144","1.076","367071","166.17",NA,"5495",NA,"30.24","-5.3%","165.19","-3.7%","Collision","-1.3%","4.2%"
"2009.1","180","2165335","65728","311855","1.075","335244","154.82",NA,"5100",NA,"30.35","-4.9%",NA,NA,"Collision","-5.7%","-0.9%"
"2009.2","174","2221654","62457","307101","1.075","330134","148.6",NA,"5286",NA,"28.11","-7.0%","151.67","-8.2%","Collision","-10.6%","-3.8%"
"2010.1","168","2177012","59047","294460","1.066","313894","144.19",NA,"5316",NA,"27.12","-10.6%",NA,NA,"Collision","-6.9%","4.2%"
"2010.2","162","2245514","61450","328997","1.066","350711","156.18",NA,"5707",NA,"27.37","-2.7%","150.28","-0.9%","Collision","5.1%","8.0%"
"2011.1","156","2206419","61897","321644","1.083","348340","157.88",NA,"5628",NA,"28.05","3.4%",NA,NA,"Collision","9.5%","5.9%"
"2011.2","150","2273410","58898","322375","1.083","349132","153.57",NA,"5928",NA,"25.91","-5.3%","155.69","3.6%","Collision","-1.7%","3.9%"
"2012.1","144","2248832","56729","302096","1.08","326143","145.03",NA,"5749",NA,"25.23","-10.1%",NA,NA,"Collision","-8.1%","2.2%"
"2012.2","138","2313887","59547","332217","1.08","358661","155",NA,"6023",NA,"25.73","-0.7%","150.09","-3.6%","Collision","0.9%","1.6%"
"2013.1","132","2278070","61487","331141","1.08","357500","156.93",NA,"5814",NA,"26.99","7.0%",NA,NA,"Collision","8.2%","1.1%"
"2013.2","126","2358778","66888","381238","1.08","411585","174.49",NA,"6153",NA,"28.36","10.2%","165.86","10.5%","Collision","12.6%","2.2%"
"2014.1","120","2325830","72363","389087","1.085","422271","181.56",NA,"5835",NA,"31.11","15.3%",NA,NA,"Collision","15.7%","0.4%"
"2014.2","114","2418270","65896","380383","1.085","412824","170.71",NA,"6265",NA,"27.25","-3.9%","176.03","6.1%","Collision","-2.2%","1.8%"
"2015.1","108","2391577","73247","410891","1.104","453500","189.62",NA,"6191",NA,"30.63","-1.6%",NA,NA,"Collision","4.4%","6.1%"
"2015.2","102","2491735","68953","409771","1.104","452264","181.51",NA,"6559",NA,"27.67","1.6%","185.48","5.4%","Collision","6.3%","4.7%"
"2016.1","96","2475370","72946","443277","1.099","487339","196.88",NA,"6681",NA,"29.47","-3.8%",NA,NA,"Collision","3.8%","7.9%"
"2016.2","90","2550909","77555","508718","1.099","559285","219.25",NA,"7211",NA,"30.4","9.9%","208.23","12.3%","Collision","20.8%","9.9%"
"2017.1","84","2507511","74838","477841","1.099","525147","209.43",NA,"7017",NA,"29.85","1.3%",NA,NA,"Collision","6.4%","5.0%"
"2017.2","78","2588676","83125","580012","1.099","637433","246.24",NA,"7668",NA,"32.11","5.6%","228.13","9.6%","Collision","12.3%","6.3%"
"2018.1","72","2541486","83352","571239","1.104","630928","248.25",NA,"7569",NA,"32.8","9.9%",NA,NA,"Collision","18.5%","7.9%"
"2018.2","66","2626895","85018","629042","1.104","694771","264.48",NA,"8172",NA,"32.36","0.8%","256.5","12.4%","Collision","7.4%","6.6%"
"2019.1","60","2591620","87198","635636","1.113","707158","272.86",NA,"8110",NA,"33.65","2.6%",NA,NA,"Collision","9.9%","7.1%"
"2019.2","54","2667823","87157","671813","1.113","747406","280.16",NA,"8575",NA,"32.67","0.9%","276.56","7.8%","Collision","5.9%","4.9%"
"2020.1","48","2609334","54639","415969","1.135","472022","180.9",NA,"8639",NA,"20.94","-37.8%",NA,NA,"Collision","-33.7%","6.5%"
"2020.2","42","2667253","54888","421594","1.135","478405","179.36",NA,"8716",NA,"20.58","-37.0%","180.12","-34.9%","Collision","-36.0%","1.6%"
"2021.1","36","2615795","43087","318539","1.136","361722","138.28",NA,"8395",NA,"16.47","-0.21299999999999999",NA,NA,"Collision","-0.23599999999999999","-2.8000000000000001E-2"
"2021.2","30","2691309","64638","528164","1.136","599765","222.85",NA,"9279",NA,"24.02","16.7%","181.17","0.6%","Collision","24.2%","6.5%"
"2022.1","24","2643542","69067","599871","1.117","670166","253.51",NA,"9703",NA,"26.13","58.6%",NA,NA,"Collision","83.3%","15.6%"
"2022.2","18","2727627","75541","731010","1.117","816672","299.41",NA,"10811",NA,"27.69","15.3%","276.82","52.8%","Collision","34.4%","16.5%"
"2023.1","12","2696175","77145","737719","1.117","824168","305.68",NA,"10683",NA,"28.61","9.5%",NA,NA,"Collision","20.6%","10.1%"
"2023.2","6","2782212","78904","792308","1.117","885154","318.15",NA,"11218",NA,"28.36","2.4%","312.01","12.7%","Collision","6.3%","3.8%"
"2004.1","240","2703855","12523","87","1.1","95","0.04",NA,"8",NA,"4.63",NA,NA,NA,"Comp Specified All Perils",NA,NA
"2004.2","234","2743893","12008","80","1.1","88","0.03",NA,"7",NA,"4.38",NA,"0.03",NA,"Comp Specified All Perils",NA,NA
"2005.1","228","2723632","9601","71","1.092","78","0.03",NA,"8",NA,"3.53","-23.9%",NA,NA,"Comp Specified All Perils","-18.7%","6.8%"
"2005.2","222","2842198","10002","73","1.092","80","0.03",NA,"8",NA,"3.52","-19.6%","0.03","0","Comp Specified All Perils","-11.6%","9.9%"
"2006.1","216","2786885","9348","71","1.082","77","0.03",NA,"8",NA,"3.35","-4.8%",NA,NA,"Comp Specified All Perils","-3.3%","1.7%"
"2006.2","210","2861304","9845","81","1.082","87","0.03",NA,"9",NA,"3.44","-2.2%","0.03","0","Comp Specified All Perils","8.1%","10.6%"
"2007.1","204","2842105","8935","73","1.085","79","0.03",NA,"9",NA,"3.14","-6.3%",NA,NA,"Comp Specified All Perils","0.9%","7.7%"
"2007.2","198","2927476","8673","79","1.085","86","0.03",NA,"10",NA,"2.96","-13.9%","0.03","0","Comp Specified All Perils","-3.8%","11.7%"
"2008.1","192","2931975","7669","63","1.076","68","0.02",NA,"9",NA,"2.62","-16.8%",NA,NA,"Comp Specified All Perils","-16.8%","0.0%"
"2008.2","186","2998108","7968","68","1.076","73","0.02",NA,"9",NA,"2.66","-10.3%","0.02","-0.333333333333333","Comp Specified All Perils","-17.0%","-7.4%"
"2009.1","180","2961139","7322","57","1.075","62","0.02",NA,"8",NA,"2.47","-5.5%",NA,NA,"Comp Specified All Perils","-10.5%","-5.3%"
"2009.2","174","3019492","7304","64","1.075","69","0.02",NA,"9",NA,"2.42","-9.0%","0.02","0","Comp Specified All Perils","-6.1%","3.2%"
"2010.1","168","2977129","5069","45","1.066","48","0.02",NA,"10",NA,"1.7","-31.1%",NA,NA,"Comp Specified All Perils","-22.3%","12.9%"
"2010.2","162","3041428","4929","49","1.066","52","0.02",NA,"11",NA,"1.62","-33.0%","0.02","0","Comp Specified All Perils","-25.5%","11.2%"
"2011.1","156","3005449","4413","45","1.083","49","0.02",NA,"11",NA,"1.47","-13.8%",NA,NA,"Comp Specified All Perils","0.8%","16.9%"
"2011.2","150","3070446","4736","50","1.083","54","0.02",NA,"11",NA,"1.54","-4.8%","0.02","0","Comp Specified All Perils","2.8%","8.0%"
"2012.1","144","3058487","4110","40","1.08","43","0.01",NA,"10",NA,"1.34","-8.5%",NA,NA,"Comp Specified All Perils","-13.9%","-5.9%"
"2012.2","138","3125442","3998","42","1.08","46","0.01",NA,"11",NA,"1.28","-17.1%","0.01","-0.5","Comp Specified All Perils","-16.5%","0.6%"
"2013.1","132","3103923","3562","38","1.08","41","0.01",NA,"12",NA,"1.15","-14.6%",NA,NA,"Comp Specified All Perils","-6.0%","10.1%"
"2013.2","126","3190022","3960","44","1.08","47","0.01",NA,"12",NA,"1.24","-3.0%","0.01","0","Comp Specified All Perils","1.4%","4.5%"
"2014.1","120","3167371","3376","42","1.085","45","0.01",NA,"13",NA,"1.07","-7.1%",NA,NA,"Comp Specified All Perils","8.3%","16.6%"
"2014.2","114","3260473","3825","44","1.085","48","0.01",NA,"13",NA,"1.17","-5.5%","0.01","0","Comp Specified All Perils","-0.7%","5.0%"
"2015.1","108","3248634","3519","45","1.104","49","0.02",NA,"14",NA,"1.08","1.6%",NA,NA,"Comp Specified All Perils","5.8%","4.1%"
"2015.2","102","3353900","4092","55","1.104","60","0.02",NA,"15",NA,"1.22","4.0%","0.02","1","Comp Specified All Perils","22.1%","17.4%"
"2016.1","96","3352186","3477","43","1.099","48","0.01",NA,"14",NA,"1.04","-4.2%",NA,NA,"Comp Specified All Perils","-5.8%","-1.7%"
"2016.2","90","3446641","4320","57","1.099","63","0.02",NA,"15",NA,"1.25","2.7%","0.02","0","Comp Specified All Perils","1.3%","-1.4%"
"2017.1","84","3440786","4053","54","1.099","59","0.02",NA,"15",NA,"1.18","13.6%",NA,NA,"Comp Specified All Perils","20.6%","6.2%"
"2017.2","78","3554157","4799","65","1.099","71","0.02",NA,"15",NA,"1.35","7.7%","0.02","0","Comp Specified All Perils","9.9%","2.0%"
"2018.1","72","3535837","4937","72","1.104","80","0.02",NA,"16",NA,"1.4","18.5%",NA,NA,"Comp Specified All Perils","31.0%","10.5%"
"2018.2","66","3643213","5815","100","1.104","110","0.03",NA,"19",NA,"1.6","18.2%","0.03","0.5","Comp Specified All Perils","51.0%","27.7%"
"2019.1","60","3616994","5374","96","1.113","106","0.03",NA,"20",NA,"1.49","6.4%",NA,NA,"Comp Specified All Perils","30.9%","23.0%"
"2019.2","54","3702135","6599","124","1.113","138","0.04",NA,"21",NA,"1.78","11.7%","0.03","0","Comp Specified All Perils","23.6%","10.7%"
"2020.1","48","3662656","5712","108","1.135","123","0.03",NA,"22",NA,"1.56","5.0%",NA,NA,"Comp Specified All Perils","14.1%","8.7%"
"2020.2","42","3730527","6321","143","1.135","162","0.04",NA,"26",NA,"1.69","-4.9%","0.04","0.333333333333333","Comp Specified All Perils","16.5%","22.5%"
"2021.1","36","3684687","6274","151","1.136","171","0.05",NA,"27",NA,"1.7","9.2%",NA,NA,"Comp Specified All Perils","38.2%","26.5%"
"2021.2","30","3769490","9622","269","1.136","305","0.08",NA,"32",NA,"2.55","50.6%","0.06","0.5","Comp Specified All Perils","86.4%","23.7%"
"2022.1","24","3720740","10540","314","1.117","350","0.09",NA,"33",NA,"2.83","66.4%",NA,NA,"Comp Specified All Perils","102.9%","21.9%"
"2022.2","18","3812691","13777","474","1.117","530","0.14",NA,"38",NA,"3.61","41.6%","0.12","1","Comp Specified All Perils","71.6%","21.2%"
"2023.1","12","3781051","14820","531","1.117","594","0.16",NA,"40",NA,"3.92","38.4%",NA,NA,"Comp Specified All Perils","66.7%","20.5%"
"2023.2","6","3875124","14288","547","1.117","611","0.16",NA,"43",NA,"3.69","2.0%","0.16","0.333333333333333","Comp Specified All Perils","13.4%","11.1%"
"2004.1","240","2195365","68948","132935","1.1","146229","66.61",NA,"2121",NA,"31.41",NA,NA,NA,"Comprehensive",NA,NA
"2004.2","234","2235020","64415","140537","1.1","154591","69.17",NA,"2400",NA,"28.82",NA,"67.9",NA,"Comprehensive",NA,NA
"2005.1","228","2243151","57985","121791","1.092","132996","59.29",NA,"2294",NA,"25.85","-17.7%",NA,NA,"Comprehensive","-11.0%","8.1%"
"2005.2","222","2353927","63655","165203","1.092","180402","76.64",NA,"2834",NA,"27.04","-6.2%","68.17","0.00397643593519881","Comprehensive","10.8%","18.1%"
"2006.1","216","2301105","55932","124469","1.082","134675","58.53",NA,"2408",NA,"24.31","-6.0%",NA,NA,"Comprehensive","-1.3%","5.0%"
"2006.2","210","2359048","64143","158082","1.082","171045","72.51",NA,"2667",NA,"27.19","0.5%","65.6","-0.0376998679771161","Comprehensive","-5.4%","-5.9%"
"2007.1","204","2345541","59797","136324","1.085","147912","63.06",NA,"2474",NA,"25.49","4.9%",NA,NA,"Comprehensive","7.7%","2.7%"
"2007.2","198","2411946","63880","153671","1.085","166733","69.13",NA,"2610",NA,"26.48","-2.6%","66.14","0.00823170731707323","Comprehensive","-4.7%","-2.1%"
"2008.1","192","2417924","75755","185651","1.076","199760","82.62",NA,"2637",NA,"31.33","22.9%",NA,NA,"Comprehensive","31.0%","6.6%"
"2008.2","186","2472259","62232","147680","1.076","158904","64.27",NA,"2553",NA,"25.17","-5.0%","73.34","0.108859993952223","Comprehensive","-7.0%","-2.2%"
"2009.1","180","2445739","76355","163401","1.075","175656","71.82",NA,"2301",NA,"31.22","-0.4%",NA,NA,"Comprehensive","-13.1%","-12.8%"
"2009.2","174","2491932","64878","147426","1.075","158483","63.6",NA,"2443",NA,"26.04","3.4%","67.67","-0.0773111535314972","Comprehensive","-1.1%","-4.3%"
"2010.1","168","2461169","57135","112497","1.066","119922","48.73",NA,"2099",NA,"23.21","-25.6%",NA,NA,"Comprehensive","-32.2%","-8.8%"
"2010.2","162","2517236","59634","130754","1.066","139384","55.37",NA,"2337",NA,"23.69","-9.0%","52.09","-0.230234963794887","Comprehensive","-12.9%","-4.3%"
"2011.1","156","2492508","81291","152127","1.083","164754","66.1",NA,"2027",NA,"32.61","40.5%",NA,NA,"Comprehensive","35.7%","-3.4%"
"2011.2","150","2541850","74505","144596","1.083","156597","61.61",NA,"2102",NA,"29.31","23.7%","63.83","0.225379151468612","Comprehensive","11.3%","-10.1%"
"2012.1","144","2530582","72817","116129","1.08","125373","49.54",NA,"1722",NA,"28.77","-11.8%",NA,NA,"Comprehensive","-25.0%","-15.0%"
"2012.2","138","2578830","77751","176853","1.08","190930","74.04",NA,"2456",NA,"30.15","2.9%","61.91","-0.0300798997336675","Comprehensive","20.2%","16.8%"
"2013.1","132","2556532","67830","116815","1.08","126113","49.33",NA,"1859",NA,"26.53","-7.8%",NA,NA,"Comprehensive","-0.4%","8.0%"
"2013.2","126","2616630","77990","188951","1.08","203991","77.96",NA,"2616",NA,"29.81","-1.1%","63.81","0.0306897108706188","Comprehensive","5.3%","6.5%"
"2014.1","120","2598864","71369","133012","1.085","144356","55.55",NA,"2023",NA,"27.46","3.5%",NA,NA,"Comprehensive","12.6%","8.8%"
"2014.2","114","2667578","68973","153347","1.085","166425","62.39",NA,"2413",NA,"25.86","-13.3%","59.01","-0.0752233192289611","Comprehensive","-20.0%","-7.7%"
"2015.1","108","2657867","70715","130710","1.104","144265","54.28",NA,"2040",NA,"26.61","-3.1%",NA,NA,"Comprehensive","-2.3%","0.9%"
"2015.2","102","2736401","72099","164929","1.104","182032","66.52",NA,"2525",NA,"26.35","1.9%","60.49","0.0250804948313845","Comprehensive","6.6%","4.6%"
"2016.1","96","2729535","77143","151334","1.099","166377","60.95",NA,"2157",NA,"28.26","6.2%",NA,NA,"Comprehensive","12.3%","5.7%"
"2016.2","90","2776520","72667","190010","1.099","208897","75.24",NA,"2875",NA,"26.17","-0.7%","68.16","0.126797817821127","Comprehensive","13.1%","13.9%"
"2017.1","84","2746268","70233","158235","1.099","173900","63.32",NA,"2476",NA,"25.57","-9.5%",NA,NA,"Comprehensive","3.9%","14.8%"
"2017.2","78","2798204","69337","197440","1.099","216987","77.54",NA,"3129",NA,"24.78","-5.3%","70.5","0.034330985915493","Comprehensive","3.1%","8.9%"
"2018.1","72","2763140","77202","207362","1.104","229029","82.89",NA,"2967",NA,"27.94","9.3%",NA,NA,"Comprehensive","30.9%","19.8%"
"2018.2","66","2821426","72673","246289","1.104","272024","96.41",NA,"3743",NA,"25.76","3.9%","89.72","0.272624113475177","Comprehensive","24.3%","19.6%"
"2019.1","60","2793744","71515","206828","1.113","230100","82.36",NA,"3218",NA,"25.6","-8.4%",NA,NA,"Comprehensive","-0.6%","8.5%"
"2019.2","54","2846930","74383","251268","1.113","279541","98.19",NA,"3758",NA,"26.13","1.4%","90.35","0.00702184574230946","Comprehensive","1.8%","0.4%"
"2020.1","48","2828923","57023","197354","1.135","223948","79.16",NA,"3927",NA,"20.16","-21.3%",NA,NA,"Comprehensive","-3.9%","22.1%"
"2020.2","42","2872457","69097","260305","1.135","295382","102.83",NA,"4275",NA,"24.06","-7.9%","91.09","0.00819037078029905","Comprehensive","4.7%","13.8%"
"2021.1","36","2828531","58309","214988","1.136","244133","86.31",NA,"4187",NA,"20.61","2.3%",NA,NA,"Comprehensive","9.0%","6.6%"
"2021.2","30","2872465","76641","368746","1.136","418735","145.78",NA,"5464",NA,"26.68","10.9%","116.27","0.276429904490065","Comprehensive","41.8%","27.8%"
"2022.1","24","2830573","81563","427192","1.117","477252","168.61",NA,"5851",NA,"28.82","39.8%",NA,NA,"Comprehensive","95.3%","39.8%"
"2022.2","18","2890224","80606","535696","1.117","598471","207.07",NA,"7425",NA,"27.89","4.5%","188.04","0.617270147071472","Comprehensive","42.0%","35.9%"
"2023.1","12","2870494","89254","574778","1.117","642133","223.7",NA,"7194",NA,"31.09","7.9%",NA,NA,"Comprehensive","32.7%","23.0%"
"2023.2","6","2934978","96400","714018","1.117","797689","271.79",NA,"8275",NA,"32.85","17.8%","248.01","0.31892150606254","Comprehensive","31.3%","11.5%"
"2004.1","240","2931824","87612","351947","1.1","387142","132.05",NA,"4419",NA,"29.88",NA,NA,NA,"DCPD Coverage",NA,NA
"2004.2","234","3007799","89362","365687","1.1","402256","133.74",NA,"4501",NA,"29.71",NA,"132.9",NA,"DCPD Coverage",NA,NA
"2005.1","228","2969536","87538","348924","1.092","381025","128.31",NA,"4353",NA,"29.48","-1.4%",NA,NA,"DCPD Coverage","-2.8%","-1.5%"
"2005.2","222","3087171","92094","389579","1.092","425420","137.8",NA,"4619",NA,"29.83","0.4%","133.15","0.2%","DCPD Coverage","3.0%","2.6%"
"2006.1","216","3043446","84131","346115","1.082","374496","123.05",NA,"4451",NA,"27.64","-6.2%",NA,NA,"DCPD Coverage","-4.1%","2.3%"
"2006.2","210","3148734","93769","401306","1.082","434213","137.9",NA,"4631",NA,"29.78","-0.2%","130.6","-1.9%","DCPD Coverage","0.1%","0.2%"
"2007.1","204","3101579","93929","399311","1.085","433252","139.69",NA,"4613",NA,"30.28","9.6%",NA,NA,"DCPD Coverage","13.5%","3.6%"
"2007.2","198","3210610","95976","425998","1.085","462208","143.96",NA,"4816",NA,"29.89","0.4%","141.86","8.6%","DCPD Coverage","4.4%","4.0%"
"2008.1","192","3181771","97785","409612","1.076","440743","138.52",NA,"4507",NA,"30.73","1.5%",NA,NA,"DCPD Coverage","-0.8%","-2.3%"
"2008.2","186","3268341","99607","435711","1.076","468825","143.44",NA,"4707",NA,"30.48","2.0%","141.02","-0.6%","DCPD Coverage","-0.4%","-2.3%"
"2009.1","180","3200181","97882","404966","1.075","435338","136.04",NA,"4448",NA,"30.59","-0.5%",NA,NA,"DCPD Coverage","-1.8%","-1.3%"
"2009.2","174","3294856","97097","424603","1.075","456448","138.53",NA,"4701",NA,"29.47","-3.3%","137.3","-2.6%","DCPD Coverage","-3.4%","-0.1%"
"2010.1","168","3229722","95795","401119","1.066","427593","132.39",NA,"4464",NA,"29.66","-3.0%",NA,NA,"DCPD Coverage","-2.7%","0.4%"
"2010.2","162","3334891","103172","455154","1.066","485194","145.49",NA,"4703",NA,"30.94","5.0%","139.05","1.3%","DCPD Coverage","5.0%","0.0%"
"2011.1","156","3274001","95919","410713","1.083","444802","135.86",NA,"4637",NA,"29.3","-1.2%",NA,NA,"DCPD Coverage","2.6%","3.9%"
"2011.2","150","3377108","97830","432065","1.083","467926","138.56",NA,"4783",NA,"28.97","-6.4%","137.23","-1.3%","DCPD Coverage","-4.8%","1.7%"
"2012.1","144","3336207","91080","387670","1.08","418529","125.45",NA,"4595",NA,"27.3","-6.8%",NA,NA,"DCPD Coverage","-7.7%","-0.9%"
"2012.2","138","3429874","99474","443314","1.08","478602","139.54",NA,"4811",NA,"29","0.1%","132.59","-3.4%","DCPD Coverage","0.7%","0.6%"
"2013.1","132","3371244","96928","430023","1.08","464253","137.71",NA,"4790",NA,"28.75","5.3%",NA,NA,"DCPD Coverage","9.8%","4.2%"
"2013.2","126","3484402","108152","509560","1.08","550121","157.88",NA,"5087",NA,"31.04","7.0%","147.96","11.6%","DCPD Coverage","13.1%","5.7%"
"2014.1","120","3417317","109863","506592","1.085","549797","160.89",NA,"5004",NA,"32.15","11.8%",NA,NA,"DCPD Coverage","16.8%","4.5%"
"2014.2","114","3536471","106833","514740","1.085","558640","157.97",NA,"5229",NA,"30.21","-2.7%","159.4","7.7%","DCPD Coverage","0.1%","2.8%"
"2015.1","108","3481627","114078","552585","1.104","609888","175.17",NA,"5346",NA,"32.77","1.9%",NA,NA,"DCPD Coverage","8.9%","6.8%"
"2015.2","102","3610270","113356","585355","1.104","646056","178.95",NA,"5699",NA,"31.4","3.9%","177.1","11.1%","DCPD Coverage","13.3%","9.0%"
"2016.1","96","3577822","112464","583847","1.099","641881","179.41",NA,"5707",NA,"31.43","-4.1%",NA,NA,"DCPD Coverage","2.4%","6.8%"
"2016.2","90","3705880","125998","698486","1.099","767916","207.22",NA,"6095",NA,"34","8.3%","193.55","9.3%","DCPD Coverage","15.8%","6.9%"
"2017.1","84","3662667","116820","647786","1.099","711917","194.37",NA,"6094",NA,"31.89","1.5%",NA,NA,"DCPD Coverage","8.3%","6.8%"
"2017.2","78","3814760","133985","800974","1.099","880270","230.75",NA,"6570",NA,"35.12","3.3%","212.93","10.0%","DCPD Coverage","11.4%","7.8%"
"2018.1","72","3760705","125916","757945","1.104","837143","222.6",NA,"6648",NA,"33.48","5.0%",NA,NA,"DCPD Coverage","14.5%","9.1%"
"2018.2","66","3901888","134518","868038","1.104","958740","245.71",NA,"7127",NA,"34.48","-1.8%","234.37","10.1%","DCPD Coverage","6.5%","8.5%"
"2019.1","60","3856101","132241","846620","1.113","941882","244.26",NA,"7122",NA,"34.29","2.4%",NA,NA,"DCPD Coverage","9.7%","7.1%"
"2019.2","54","3975731","137855","924114","1.113","1028096","258.59",NA,"7458",NA,"34.67","0.6%","251.53","7.3%","DCPD Coverage","5.2%","4.6%"
"2020.1","48","3886280","77713","510581","1.135","579384","149.08",NA,"7455",NA,"20","-41.7%",NA,NA,"DCPD Coverage","-39.0%","4.7%"
"2020.2","42","3979979","82861","548606","1.135","622533","156.42",NA,"7513",NA,"20.82","-40.0%","152.79","-39.3%","DCPD Coverage","-39.5%","0.7%"
"2021.1","36","3918760","65040","415235","1.136","471527","120.33",NA,"7250",NA,"16.6","-17.0%",NA,NA,"DCPD Coverage","-19.3%","-2.8%"
"2021.2","30","4040384","99909","706426","1.136","802193","198.54",NA,"8029",NA,"24.73","18.8%","160.03","4.7%","DCPD Coverage","26.9%","6.9%"
"2022.1","24","3973441","98955","759835","1.117","848875","213.64",NA,"8578",NA,"24.9","50.1%",NA,NA,"DCPD Coverage","77.5%","18.3%"
"2022.2","18","4095398","111091","936576","1.117","1046327","255.49",NA,"9419",NA,"27.13","9.7%","234.88","46.8%","DCPD Coverage","28.7%","17.3%"
"2023.1","12","4039628","111919","954326","1.117","1066157","263.92",NA,"9526",NA,"27.71","11.2%",NA,NA,"DCPD Coverage","23.5%","11.0%"
"2023.2","6","4162577","118793","1066103","1.117","1191033","286.13",NA,"10026",NA,"28.54","5.2%","275.19","17.2%","DCPD Coverage","12.0%","6.4%"
"2004.1","240","2931824","4353","18003","1.1","19803","6.75",NA,"4549",NA,"1.48",NA,NA,NA,"PD Coverage",NA,NA
"2004.2","234","3007799","4366","16862","1.1","18548","6.17",NA,"4248",NA,"1.45",NA,"6.46",NA,"PD Coverage",NA,NA
"2005.1","228","2969536","4406","17396","1.092","18996","6.4",NA,"4311",NA,"1.48","-0.1%",NA,NA,"PD Coverage","-5.3%","-5.2%"
"2005.2","222","3087171","4789","19267","1.092","21040","6.82",NA,"4393",NA,"1.55","6.9%","6.61","2.4%","PD Coverage","10.5%","3.4%"
"2006.1","216","3043446","4403","19000","1.082","20558","6.75",NA,"4669",NA,"1.45","-2.5%",NA,NA,"PD Coverage","5.6%","8.3%"
"2006.2","210","3148734","4985","21303","1.082","23050","7.32",NA,"4624",NA,"1.58","2.1%","7.04","6.5%","PD Coverage","7.4%","5.2%"
"2007.1","204","3101579","5090","21024","1.085","22811","7.35",NA,"4482",NA,"1.64","13.4%",NA,NA,"PD Coverage","8.9%","-4.0%"
"2007.2","198","3210610","5121","21953","1.085","23819","7.42",NA,"4651",NA,"1.6","0.7%","7.39","4.9%","PD Coverage","1.3%","0.6%"
"2008.1","192","3181771","4814","19038","1.076","20485","6.44",NA,"4255",NA,"1.51","-7.8%",NA,NA,"PD Coverage","-12.5%","-5.0%"
"2008.2","186","3268341","5082","22463","1.076","24170","7.4",NA,"4756",NA,"1.55","-2.5%","6.92","-6.3%","PD Coverage","-0.3%","2.3%"
"2009.1","180","3200181","4734","21428","1.075","23035","7.2",NA,"4866",NA,"1.48","-2.2%",NA,NA,"PD Coverage","11.8%","14.3%"
"2009.2","174","3294856","4763","21211","1.075","22802","6.92",NA,"4787",NA,"1.45","-7.0%","7.06","1.9%","PD Coverage","-6.4%","0.7%"
"2010.1","168","3229722","4510","21030","1.066","22418","6.94",NA,"4971",NA,"1.4","-5.6%",NA,NA,"PD Coverage","-3.6%","2.2%"
"2010.2","162","3334891","5016","23055","1.066","24577","7.37",NA,"4900",NA,"1.5","4.0%","7.16","1.4%","PD Coverage","6.5%","2.3%"
"2011.1","156","3274001","4707","22080","1.083","23913","7.3",NA,"5080",NA,"1.44","3.0%",NA,NA,"PD Coverage","5.2%","2.2%"
"2011.2","150","3377108","4945","23452","1.083","25399","7.52",NA,"5136",NA,"1.46","-2.6%","7.41","3.6%","PD Coverage","2.1%","4.8%"
"2012.1","144","3336207","4970","22865","1.08","24685","7.4",NA,"4967",NA,"1.49","3.6%",NA,NA,"PD Coverage","1.3%","-2.2%"
"2012.2","138","3429874","4916","24038","1.08","25951","7.57",NA,"5279",NA,"1.43","-2.1000000000000001E-2","7.48","9.4466936572199511E-3","PD Coverage","6.0000000000000001E-3","2.7999999999999997E-2"
"2013.1","132","3371244","4808","23387","1.08","25249","7.49",NA,"5251",NA,"1.43","-4.3%",NA,NA,"PD Coverage","1.2E-2","5.7%"
"2013.2","126","3484402","5168","28136","1.08","30376","8.72",NA,"5878",NA,"1.48","3.5%","8.11","8.4%","PD Coverage","15.2%","11.3%"
"2014.1","120","3417317","4691","23308","1.085","25296","7.4",NA,"5392",NA,"1.37","-3.7%",NA,NA,"PD Coverage","-1.2%","2.7%"
"2014.2","114","3536471","4832","28666","1.085","31111","8.8",NA,"6438",NA,"1.37","-7.9%","8.11","0.0%","PD Coverage","0.9%","9.5%"
"2015.1","108","3481627","4643","27911","1.104","30805","8.85",NA,"6635",NA,"1.33","-2.9%",NA,NA,"PD Coverage","19.5%","23.0%"
"2015.2","102","3610270","4571","30023","1.104","33136","9.18",NA,"7249",NA,"1.27","-7.3%","9.02","11.2%","PD Coverage","4.3%","12.6%"
"2016.1","96","3577822","4582","29824","1.099","32789","9.16",NA,"7156",NA,"1.28","-4.0%",NA,NA,"PD Coverage","3.6%","7.9%"
"2016.2","90","3705880","4934","32774","1.099","36032","9.72",NA,"7303",NA,"1.33","5.2%","9.45","4.8%","PD Coverage","5.9%","0.7%"
"2017.1","84","3662667","4432","28173","1.099","30962","8.45",NA,"6986",NA,"1.21","-5.5%",NA,NA,"PD Coverage","-7.8%","-2.4%"
"2017.2","78","3814760","5180","35297","1.099","38791","10.17",NA,"7489",NA,"1.36","2.0%","9.33","-1.3%","PD Coverage","4.6%","2.5%"
"2018.1","72","3760705","4589","33928","1.104","37473","9.96",NA,"8166",NA,"1.22","0.8%",NA,NA,"PD Coverage","17.9%","16.9%"
"2018.2","66","3901888","4747","36895","1.104","40750","10.44",NA,"8584",NA,"1.22","-10.4%","10.21","9.4%","PD Coverage","2.7%","14.6%"
"2019.1","60","3856101","4452","34674","1.113","38576","10",NA,"8665",NA,"1.15","-5.4%",NA,NA,"PD Coverage","0.4%","6.1%"
"2019.2","54","3975731","4847","43768","1.113","48693","12.25",NA,"10046",NA,"1.22","0.2%","11.14","9.2%","PD Coverage","17.3%","17.0%"
"2020.1","48","3886280","3235","25688","1.135","29150","7.5",NA,"9011",NA,"0.83","-27.9%",NA,NA,"PD Coverage","-25.0%","4.0%"
"2020.2","42","3979979","3395","31838","1.135","36128","9.08",NA,"10642",NA,"0.85","-30.0%","8.3","-25.5%","PD Coverage","-25.9%","5.9%"
"2021.1","36","3918760","2600","25018","1.136","28410","7.25",NA,"10927",NA,"0.66","-20.3%",NA,NA,"PD Coverage","-3.3%","21.3%"
"2021.2","30","4040384","3695","33928","1.136","38527","9.54",NA,"10427",NA,"0.91","7.2%","8.41","1.3%","PD Coverage","5.0%","-2.0%"
"2022.1","24","3973441","3626","35126","1.117","39242","9.88",NA,"10822",NA,"0.91","37.5%",NA,NA,"PD Coverage","36.2%","-1.0%"
"2022.2","18","4095398","4049","41973","1.117","46892","11.45",NA,"11581",NA,"0.99","8.1%","10.67","26.9%","PD Coverage","20.1%","11.1%"
"2023.2","6","4162577","4614","48963","1.117","54701","13.14",NA,"11855",NA,"1.11","12.1%","12.32","15.4%","PD Coverage","14.8%","2.4%"
"2004.1","240","9781","74","308","1.1","339","34.64",NA,"4578",NA,"7.57",NA,NA,NA,"Specified Perils",NA,NA
"2004.2","234","9415","86","398","1.1","438","46.5",NA,"5091",NA,"9.13",NA,"40.46",NA,"Specified Perils",NA,NA
"2005.1","228","9352","63","443","1.092","484","51.73",NA,"7679",NA,"6.74","-11.0%",NA,NA,"Specified Perils","49.3%","67.7%"
"2005.2","222","9378","68","301","1.092","329","35.05",NA,"4834",NA,"7.25","-20.6%","43.38","0.0721700444883837","Specified Perils","-24.6%","-5.0%"
"2006.1","216","9564","60","194","1.082","210","21.95",NA,"3498",NA,"6.27","-6.9%",NA,NA,"Specified Perils","-57.6%","-54.4%"
"2006.2","210","9070","76","349","1.082","378","41.63",NA,"4969",NA,"8.38","15.6%","31.53","-0.273167358229599","Specified Perils","18.8%","2.8%"
"2007.1","204","8768","69","313","1.085","340","38.73",NA,"4922",NA,"7.87","25.4%",NA,NA,"Specified Perils","76.5%","40.7%"
"2007.2","198","8774","67","397","1.085","431","49.09",NA,"6429",NA,"7.64","-8.9%","43.92","0.392959086584205","Specified Perils","17.9%","29.4%"
"2008.1","192","8846","61","273","1.076","294","33.21",NA,"4816",NA,"6.9","-12.4%",NA,NA,"Specified Perils","-14.3%","-2.2%"
"2008.2","186","9179","64","254","1.076","273","29.77",NA,"4270",NA,"6.97","-8.7%","31.46","-0.283697632058288","Specified Perils","-39.4%","-33.6%"
"2009.1","180","9520","66","301","1.075","324","33.99",NA,"4903",NA,"6.93","0.5%",NA,NA,"Specified Perils","2.4%","1.8%"
"2009.2","174","9842","43","153","1.075","164","16.71",NA,"3825",NA,"4.37","-37.3%","25.21","-0.198664971392244","Specified Perils","-43.9%","-10.4%"
"2010.1","168","9913","49","216","1.066","230","23.23",NA,"4699",NA,"4.94","-28.7%",NA,NA,"Specified Perils","-31.7%","-4.2%"
"2010.2","162","9596","43","180","1.066","192","20",NA,"4462",NA,"4.48","2.6%","21.64","-0.141610472034907","Specified Perils","19.6%","16.7%"
"2011.1","156","8723","50","217","1.083","235","26.94",NA,"4700",NA,"5.73","16.0%",NA,NA,"Specified Perils","16.0%","0.0%"
"2011.2","150","7485","36","152","1.083","165","21.99",NA,"4573",NA,"4.81","7.3%","24.66","0.139556377079482","Specified Perils","10.0%","2.5%"
"2012.1","144","6866","14","55","1.08","59","8.65",NA,"4241",NA,"2.04","-64.4%",NA,NA,"Specified Perils","-67.9%","-9.8%"
"2012.2","138","6074","21","152","1.08","164","27.02",NA,"7814",NA,"3.46","-28.1%","17.27","-0.299675587996756","Specified Perils","22.8%","70.9%"
"2013.1","132","5591","16","78","1.08","84","15.06",NA,"5263",NA,"2.86","40.3%",NA,NA,"Specified Perils","74.2%","24.1%"
"2013.2","126","4902","22","127","1.08","137","27.97",NA,"6232",NA,"4.49","29.8%","21.09","0.221192819918935","Specified Perils","3.5%","-20.2%"
"2014.1","120","4561","14","142","1.085","154","33.79",NA,"11008",NA,"3.07","7.3%",NA,NA,"Specified Perils","124.3%","109.2%"
"2014.2","114","4105","17","109","1.085","118","28.82",NA,"6959",NA,"4.14","-7.7%","31.44","0.490753911806543","Specified Perils","3.0%","11.7%"
"2015.1","108","3868","12","38","1.104","42","10.84",NA,"3495",NA,"3.1","1.1%",NA,NA,"Specified Perils","-67.9%","-68.2%"
"2015.2","102","3415","16","50","1.104","55","16.16",NA,"3449",NA,"4.68","13.1%","13.34","-0.575699745547074","Specified Perils","-43.9%","-50.4%"
"2016.1","96","3187","10","60","1.099","66","20.69",NA,"6596",NA,"3.14","1.1%",NA,NA,"Specified Perils","90.8%","88.7%"
"2016.2","90","2921","8","55","1.099","60","20.7",NA,"7558",NA,"2.74","-41.5%","20.7","0.551724137931034","Specified Perils","28.1%","119.1%"
"2017.1","84","2689","10","45","1.099","49","18.39",NA,"4946",NA,"3.72","18.6%",NA,NA,"Specified Perils","-11.1%","-25.0%"
"2017.2","78","2456","19","131","1.099","144","58.62",NA,"7577",NA,"7.74","182.4%","37.6","0.816425120772947","Specified Perils","183.1%","0.3%"
"2018.1","72","2240","10","29","1.104","32","14.3",NA,"3203",NA,"4.46","20.0%",NA,NA,"Specified Perils","-22.3%","-35.2%"
"2018.2","66","2099","8","37","1.104","41","19.47",NA,"5108",NA,"3.81","-50.7%","16.8","-0.553191489361702","Specified Perils","-66.8%","-32.6%"
"2019.1","60","1950","10","68","1.113","76","38.79",NA,"7565",NA,"5.13","14.9%",NA,NA,"Specified Perils","171.3%","136.2%"
"2019.2","54","1850","14","99","1.113","110","59.53",NA,"7867",NA,"7.57","98.5%","48.88","1.90952380952381","Specified Perils","205.7%","54.0%"
"2020.1","48","1778","5","43","1.135","49","27.44",NA,"9759",NA,"2.81","-45.2%",NA,NA,"Specified Perils","-29.3%","29.0%"
"2020.2","42","2130","17","111","1.135","126","59.13",NA,"7409",NA,"7.98","5.5%","44.71","-0.0853109656301146","Specified Perils","-0.7%","-5.8%"
"2021.1","36","2907","16","235","1.136","267","91.8",NA,"16679",NA,"5.5","95.7%",NA,NA,"Specified Perils","234.5%","70.9%"
"2021.2","30","3700","62","657","1.136","746","201.65",NA,"12033",NA,"16.76","110.0%","153.32","2.42921046745694","Specified Perils","241.1%","62.4%"
"2022.1","24","3394","46","348","1.117","389","114.56",NA,"8452",NA,"13.55","146.3%",NA,NA,"Specified Perils","24.8%","-49.3%"
"2022.2","18","2996","35","458","1.117","512","170.77",NA,"14619",NA,"11.68","-30.3%","140.92","-0.0808765979650404","Specified Perils","-15.3%","21.5%"
"2023.1","12","2700","25","255","1.117","285","105.5",NA,"11395",NA,"9.26","-31.7%",NA,NA,"Specified Perils","-7.9%","34.8%"
"2023.2","6","2543","38","554","1.117","619","243.36",NA,"16287",NA,"14.94","27.9%","172.37","0.223176270224241","Specified Perils","42.5%","11.4%"
"2004.1","240","2881487","89","14002","1.1","15402","5.35",NA,"173058",NA,"0.03",NA,NA,NA,"Under Insured",NA,NA
"2004.2","234","2962479","122","19215","1.1","21137","7.13",NA,"173250",NA,"0.04",NA,"6.25",NA,"Under Insured",NA,NA
"2005.1","228","2920889","114","19043","1.092","20795","7.12",NA,"182412",NA,"0.04","26.4%",NA,NA,"Under Insured","33.2%","5.4%"
"2005.2","222","3027626","95","17405","1.092","19006","6.28",NA,"200066",NA,"0.03","-23.8%","6.69","0.0704","Under Insured","-12.0%","15.5%"
"2006.1","216","2984177","81","14078","1.082","15232","5.1",NA,"188054",NA,"0.03","-30.5%",NA,NA,"Under Insured","-28.3%","3.1%"
"2006.2","210","3089926","120","25201","1.082","27267","8.82",NA,"227229",NA,"0.04","23.8%","7","0.0463378176382661","Under Insured","40.6%","13.6%"
"2007.1","204","3046567","109","18715","1.085","20306","6.67",NA,"186292",NA,"0.04","31.8%",NA,NA,"Under Insured","30.6%","-0.9%"
"2007.2","198","3155079","127","25143","1.085","27280","8.65",NA,"214804",NA,"0.04","3.6%","7.67","0.0957142857142856","Under Insured","-2.0%","-5.5%"
"2008.1","192","3127988","124","18643","1.076","20060","6.41",NA,"161773",NA,"0.04","10.8%",NA,NA,"Under Insured","-3.8%","-13.2%"
"2008.2","186","3216725","105","21589","1.076","23230","7.22",NA,"221236",NA,"0.03","-18.9%","6.82","-0.110821382007823","Under Insured","-16.5%","3.0%"
"2009.1","180","3149704","82","15091","1.075","16223","5.15",NA,"197839",NA,"0.03","-34.3%",NA,NA,"Under Insured","-19.7%","22.3%"
"2009.2","174","3243239","121","29068","1.075","31248","9.63",NA,"258249",NA,"0.04","14.3%","7.43","0.0894428152492668","Under Insured","33.4%","16.7%"
"2010.1","168","3178048","96","18880","1.066","20126","6.33",NA,"209647",NA,"0.03","16.0%",NA,NA,"Under Insured","23.0%","6.0%"
"2010.2","162","3277361","99","22753","1.066","24255","7.4",NA,"244997",NA,"0.03","-19.0%","6.87","-0.0753701211305517","Under Insured","-23.2%","-5.1%"
"2011.1","156","3212746","96","22148","1.083","23986","7.47",NA,"249857",NA,"0.03","-1.1%",NA,NA,"Under Insured","17.9%","19.2%"
"2011.2","150","3308996","109","20513","1.083","22216","6.71",NA,"203813",NA,"0.03","9.0%","7.08","0.0305676855895196","Under Insured","-9.3%","-16.8%"
"2012.1","144","3264953","96","15755","1.08","17009","5.21",NA,"177178",NA,"0.03","-1.6%",NA,NA,"Under Insured","-30.2%","-29.1%"
"2012.2","138","3356139","98","16073","1.08","17352","5.17",NA,"177065",NA,"0.03","-11.4%","5.19","-0.266949152542373","Under Insured","-23.0%","-13.1%"
"2013.1","132","3302994","112","16167","1.08","17454","5.28",NA,"155838",NA,"0.03","15.3%",NA,NA,"Under Insured","1.4%","-12.0%"
"2013.2","126","3415973","106","18304","1.08","19761","5.78",NA,"186425",NA,"0.03","6.3%","5.54","0.0674373795761078","Under Insured","11.9%","5.3%"
"2014.1","120","3350719","120","20421","1.085","22163","6.61",NA,"184689",NA,"0.04","5.6%",NA,NA,"Under Insured","25.2%","18.5%"
"2014.2","114","3466009","86","12115","1.085","13148","3.79",NA,"152887",NA,"0.02","-20.0%","5.18","-0.0649819494584838","Under Insured","-34.4%","-18.0%"
"2015.1","108","3410743","123","23003","1.104","25388","7.44",NA,"206410",NA,"0.04","0.7%",NA,NA,"Under Insured","12.5%","11.8%"
"2015.2","102","3534632","108","19427","1.104","21442","6.07",NA,"198533",NA,"0.03","23.1%","6.74","0.301158301158301","Under Insured","59.9%","29.9%"
"2016.1","96","3503623","129","25315","1.099","27831","7.94",NA,"215747",NA,"0.04","2.1%",NA,NA,"Under Insured","6.7%","4.5%"
"2016.2","90","3621575","140","33503","1.099","36833","10.17",NA,"263094",NA,"0.04","26.5%","9.08","0.347181008902077","Under Insured","67.7%","32.5%"
"2017.1","84","3573542","134","27139","1.099","29826","8.35",NA,"222580",NA,"0.04","1.8%",NA,NA,"Under Insured","5.1%","3.2%"
"2017.2","78","3709824","134","30956","1.099","34021","9.17",NA,"253885",NA,"0.04","-6.6%","8.77","-0.0341409691629957","Under Insured","-9.8%","-3.5%"
"2018.1","72","3656514","123","26731","1.104","29524","8.07",NA,"240034",NA,"0.03","-10.3%",NA,NA,"Under Insured","-3.3%","7.8%"
"2018.2","66","3781874","133","28788","1.104","31796","8.41",NA,"239068",NA,"0.04","-2.6%","8.24","-0.0604332953249714","Under Insured","-8.3%","-5.8%"
"2019.1","60","3724760","140","31474","1.113","35015","9.4",NA,"250111",NA,"0.04","11.7%",NA,NA,"Under Insured","16.4%","4.2%"
"2019.2","54","3835330","160","27567","1.113","30669","8",NA,"191680",NA,"0.04","18.6%","8.69","0.0546116504854368","Under Insured","-4.9%","-19.8%"
"2020.1","48","3749434","104","24712","1.135","28042","7.48",NA,"269635",NA,"0.03","-26.2%",NA,NA,"Under Insured","-20.4%","7.8%"
"2020.2","42","3839822","120","24290","1.135","27563","7.18",NA,"229693",NA,"0.03","-25.1%","7.33","-0.156501726121979","Under Insured","-10.2%","19.8%"
"2021.1","36","3781704","89","22492","1.136","25541","6.75",NA,"286979",NA,"0.02","-15.2%",NA,NA,"Under Insured","-9.7%","6.4%"
"2021.2","30","3899919","141","36033","1.136","40918","10.49",NA,"290197",NA,"0.04","15.7%","8.65","0.180081855388813","Under Insured","46.2%","26.3%"
"2022.1","24","3834633","150","27526","1.117","30752","8.02",NA,"205011",NA,"0.04","66.2%",NA,NA,"Under Insured","18.7%","-28.6%"
"2022.2","18","3949532","178","37775","1.117","42202","10.69",NA,"237088",NA,"0.05","24.7%","9.37","0.0832369942196531","Under Insured","1.8%","-18.3%"
"2023.1","12","3895829","171","26766","1.117","29903","7.68",NA,"174869",NA,"0.04","12.2%",NA,NA,"Under Insured","-4.3%","-14.7%"
"2023.2","6","4002755","177","40459","1.117","45200","11.29",NA,"255368",NA,"0.04","-1.9%","9.51","0.0149413020277482","Under Insured","5.7%","7.7%"
"2004.1","240","2926763","1130","31015","1.1","34117","11.66",NA,"30192",NA,"0.39",NA,NA,NA,"Uninsured",NA,NA
"2004.2","234","3005958","1323","36567","1.1","40224","13.38",NA,"30403",NA,"0.44",NA,"12.53",NA,"Uninsured",NA,NA
"2005.1","228","2967180","1229","29924","1.092","32677","11.01",NA,"26588",NA,"0.41","7.3%",NA,NA,"Uninsured","-5.5%","-11.9%"
"2005.2","222","3081801","1366","34124","1.092","37263","12.09",NA,"27279",NA,"0.44","0.7%","11.56","-0.0774142059058259","Uninsured","-9.6%","-10.3%"
"2006.1","216","3037809","1231","29287","1.082","31689","10.43",NA,"25742",NA,"0.41","-2.2%",NA,NA,"Uninsured","-5.3%","-3.2%"
"2006.2","210","3139912","1233","44549","1.082","48202","15.35",NA,"39093",NA,"0.39","-11.4%","12.93","0.118512110726644","Uninsured","27.0%","43.3%"
"2007.1","204","3088104","1153","35579","1.085","38603","12.5",NA,"33481",NA,"0.37","-7.9%",NA,NA,"Uninsured","19.8%","30.1%"
"2007.2","198","3201986","1263","42475","1.085","46085","14.39",NA,"36489",NA,"0.39","0.4%","13.46","0.0409899458623357","Uninsured","-6.2%","-6.7%"
"2008.1","192","3179949","1083","41564","1.076","44723","14.06",NA,"41295",NA,"0.34","-8.8%",NA,NA,"Uninsured","12.5%","23.3%"
"2008.2","186","3267042","1060","52226","1.076","56195","17.2",NA,"53014",NA,"0.32","-17.7%","15.65","0.162704309063893","Uninsured","19.5%","45.3%"
"2009.1","180","3197695","966","43336","1.075","46586","14.57",NA,"48226",NA,"0.3","-11.3%",NA,NA,"Uninsured","3.6%","16.8%"
"2009.2","174","3292892","1117","56083","1.075","60289","18.31",NA,"53974",NA,"0.34","4.6%","16.47","0.0523961661341852","Uninsured","6.4%","1.8%"
"2010.1","168","3227446","935","48593","1.066","51800","16.05",NA,"55401",NA,"0.29","-4.1%",NA,NA,"Uninsured","10.2%","14.9%"
"2010.2","162","3332947","1091","53784","1.066","57334","17.2",NA,"52552",NA,"0.33","-3.5%","16.64","0.0103217972070433","Uninsured","-6.0%","-2.6%"
"2011.1","156","3270337","921","45650","1.083","49439","15.12",NA,"53680",NA,"0.28","-2.8%",NA,NA,"Uninsured","-5.8%","-3.1%"
"2011.2","150","3373440","938","49075","1.083","53148","15.75",NA,"56661",NA,"0.28","-15.1%","15.44","-0.0721153846153847","Uninsured","-8.4%","7.8%"
"2012.1","144","3332061","862","31559","1.08","34071","10.23",NA,"39526",NA,"0.26","-8.1%",NA,NA,"Uninsured","-32.4%","-26.4%"
"2012.2","138","3426801","922","36034","1.08","38902","11.35",NA,"42193",NA,"0.27","-3.2%","10.8","-0.300518134715026","Uninsured","-27.9%","-25.5%"
"2013.1","132","3369560","768","32728","1.08","35333","10.49",NA,"46007",NA,"0.23","-11.9%",NA,NA,"Uninsured","2.6%","16.4%"
"2013.2","126","3483602","818","40661","1.08","43898","12.6",NA,"53665",NA,"0.23","-12.7%","11.56","0.0703703703703704","Uninsured","11.0%","27.2%"
"2014.1","120","3416716","749","33210","1.085","36042","10.55",NA,"48121",NA,"0.22","-3.8%",NA,NA,"Uninsured","0.6%","4.6%"
"2014.2","114","3537517","787","39584","1.085","42960","12.14",NA,"54587",NA,"0.22","-5.3%","11.36","-0.0173010380622838","Uninsured","-3.6%","1.7%"
"2015.1","108","3482610","755","30252","1.104","33389","9.59",NA,"44224",NA,"0.22","-1.1%",NA,NA,"Uninsured","-9.1%","-8.1%"
"2015.2","102","3611134","706","34359","1.104","37922","10.5",NA,"53714",NA,"0.2","-12.1%","10.05","-0.115316901408451","Uninsured","-13.5%","-1.6%"
"2016.1","96","3579203","730","33724","1.099","37076","10.36",NA,"50789",NA,"0.2","-5.9%",NA,NA,"Uninsured","8.0%","14.8%"
"2016.2","90","3708734","776","39093","1.099","42979","11.59",NA,"55385",NA,"0.21","7.0%","10.98","0.0925373134328358","Uninsured","10.4%","3.1%"
"2017.1","84","3667114","708","28295","1.099","31096","8.48",NA,"43921",NA,"0.19","-5.3%",NA,NA,"Uninsured","-18.1%","-13.5%"
"2017.2","78","3815923","808","39180","1.099","43059","11.28",NA,"53291",NA,"0.21","1.2%","9.91","-0.0974499089253188","Uninsured","-2.6%","-3.8%"
"2018.1","72","3763236","722","36549","1.104","40368","10.73",NA,"55911",NA,"0.19","-0.6%",NA,NA,"Uninsured","26.5%","27.3%"
"2018.2","66","3901497","754","41631","1.104","45981","11.79",NA,"60983",NA,"0.19","-8.7%","11.27","0.1372351160444","Uninsured","4.4%","14.4%"
"2019.1","60","3850334","678","37327","1.113","41527","10.79",NA,"61249",NA,"0.18","-8.2%",NA,NA,"Uninsured","0.5%","9.5%"
"2019.2","54","3970865","787","36191","1.113","40263","10.14",NA,"51160",NA,"0.2","2.6%","10.46","-0.0718722271517301","Uninsured","-14.0%","-16.1%"
"2020.1","48","3874010","534","27002","1.135","30641","7.91",NA,"57379",NA,"0.14","-21.7%",NA,NA,"Uninsured","-26.7%","-6.3%"
"2020.2","42","3967627","644","35868","1.135","40701","10.26",NA,"63201",NA,"0.16","-18.1%","9.1","-0.130019120458891","Uninsured","1.2%","23.5%"
"2021.1","36","3908808","573","24959","1.136","28343","7.25",NA,"49463",NA,"0.15","6.3%",NA,NA,"Uninsured","-8.3%","-13.8%"
"2021.2","30","4034490","797","38633","1.136","43870","10.87",NA,"55044",NA,"0.2","21.7%","9.09","-0.00109890109890109","Uninsured","6.0%","-12.9%"
"2022.1","24","3965889","890","37839","1.117","42273","10.66",NA,"47498",NA,"0.22","53.1%",NA,NA,"Uninsured","47.0%","-4.0%"
"2022.2","18","4090324","1006","47025","1.117","52536","12.84",NA,"52222",NA,"0.25","24.5%","11.77","0.294829482948295","Uninsured","18.1%","-5.1%"
"2023.1","12","4033061","1035","48919","1.117","54652","13.55",NA,"52803",NA,"0.26","14.4%",NA,NA,"Uninsured","27.1%","11.2%"
"2023.2","6","4158543","1280","55608","1.117","62124","14.94",NA,"48535",NA,"0.31","25.1%","14.26","0.211554800339847","Uninsured","16.3%","-7.1%"
